tick_neg,alpha_neg,tick_pos,alpha_pos
psa,-0.820361,vtrs,0.8764485
dlr,-0.4606272,plnt,0.7964596
trp,-0.3787276,rev,0.6873259
duk,-0.3677396,pnm,0.5524734
amg,-0.36541453,chwy,0.54648364
psb,-0.35827008,aehr,0.52806914
iipr,-0.35285953,hccc,0.39243302
afg,-0.33874243,peb,0.38656422
frt,-0.335066,jan,0.35339782
tm,-0.32259655,lov,0.34684837
ge,-0.3171551,efoi,0.3453216
baba,-0.31705186,rcrt,0.34411472
tsla,-0.3170277,snoa,0.3430063
csco,-0.31474718,dkng,0.33664006
ntes,-0.31457785,qgen,0.32637513
intc,-0.31427282,blin,0.31769073
orcl,-0.31416488,bill,0.31340286
aapl,-0.31384957,yten,0.30863637
googl,-0.31344488,petv,0.3032468
cost,-0.3131225,useg,0.30126724
wmt,-0.3127839,soho,0.2984815
ipar,-0.3126206,ahpi,0.29716098
hd,-0.3121855,acy,0.29710868
msft,-0.31199035,govx,0.29642266
unh,-0.31198052,bkyi,0.29519364
ba,-0.31191102,ssnt,0.2938122
amzn,-0.31090307,cohn,0.2930853
asml,-0.31056163,ipwr,0.29105285
qcom,-0.31039372,bcac,0.28844357
adbe,-0.30934882,lmfa,0.28570068
nflx,-0.30851948,mxc,0.2828609
bgne,-0.30766836,bhse,0.27941033
crm,-0.3059638,htgm,0.27711725
pypl,-0.30572754,osat,0.27457872
lin,-0.29838425,d,0.2741006
low,-0.29819793,rvph,0.27360362
spgi,-0.2977006,nnvc,0.27322268
nvda,-0.29697603,ontx,0.27150515
maa,-0.29623312,abio,0.27096558
amd,-0.29473534,foa,0.27082336
unp,-0.29034415,ekso,0.265871
amat,-0.2898676,nuro,0.26572713
cvs,-0.28478998,blph,0.2657164
intu,-0.28458568,cycc,0.2646513
axp,-0.28431395,gpac,0.2646295
mdt,-0.28304544,icd,0.26431155
ebay,-0.2824766,apdn,0.26383525
avgo,-0.27932802,clps,0.2637268
amgn,-0.27902028,trt,0.2635958
enb,-0.2779987,onvo,0.2618501
blk,-0.27703863,fstx,0.26107723
tmus,-0.27663806,wyy,0.26104924
dhr,-0.27550834,tcon,0.26094323
wll,-0.2696228,omqs,0.26033884
antm,-0.2661125,seed,0.25982678
sbux,-0.2658778,avct,0.257323
pld,-0.26585457,kbnt,0.25507963
tgt,-0.26545566,sgma,0.2533955
amt,-0.26514116,afi,0.25222126
mu,-0.2647324,mcmj,0.25062928
now,-0.26262528,glaq,0.24938649
mmm,-0.26131895,vlon,0.2471835
lmt,-0.26033896,mtbc,0.24647124
syk,-0.25946444,cvv,0.24530135
lrcx,-0.256843,nuze,0.24524416
mo,-0.2564416,daio,0.24364224
gild,-0.25419587,ackit,0.24262741
gm,-0.2538928,bwac,0.2420936
mrna,-0.2518741,live,0.2417312
tjx,-0.25182012,usau,0.24168435
cni,-0.2511423,nbse,0.24141835
ci,-0.24942546,bioc,0.24139602
shw,-0.24653073,bkti,0.24006684
uber,-0.24453321,edry,0.23865035
aon,-0.24292801,mbot,0.23731536
ew,-0.24192321,vtaq,0.23616576
cci,-0.24165829,prpl,0.23591796
ice,-0.24082087,isun,0.23584224
klac,-0.23727977,dlpn,0.23560587
nsc,-0.23635,sypr,0.23489311
etn,-0.23622903,flux,0.23450348
cl,-0.23608527,dcth,0.23281468
apd,-0.23384221,lyra,0.23270074
wm,-0.23294161,rmcf,0.23189414
noc,-0.23220058,arav,0.23185197
tt,-0.23204206,myo,0.23039933
meli,-0.23149495,pipp,0.23029858
ilmn,-0.23113585,btn,0.22940126
dg,-0.23073322,alac,0.22884557
ecl,-0.2301226,fkwl,0.22852425
adi,-0.22973354,ganx,0.22720774
vrtx,-0.2291384,sino,0.22711265
gd,-0.22905806,dmac,0.22701947
eqix,-0.22811094,thca,0.22653069
fcx,-0.22795628,ltbr,0.22631818
dte,-0.22705124,qfta,0.22607958
mrvl,-0.22704665,tess,0.2259218
slb,-0.22605912,loan,0.2258865
cms,-0.22485973,enlv,0.22577947
hpq,-0.22478056,quik,0.22434653
li,-0.2238849,csu,0.22426395
adsk,-0.2221546,bmra,0.22422409
kdp,-0.22155778,ocup,0.2235473
exc,-0.22129002,corr,0.22349727
ftnt,-0.22120555,lumo,0.22283228
swk,-0.22108237,wvvi,0.22178476
azo,-0.22034961,intz,0.22174755
panw,-0.21987703,cfrx,0.2215917
mar,-0.21974033,sji,0.22128713
orly,-0.217634,hrth,0.22104958
cp,-0.2174276,edsa,0.2208555
snps,-0.21475755,eldn,0.22076812
xlnx,-0.21381636,cpix,0.21964599
info,-0.2137961,ainc,0.21906705
rblx,-0.21378018,arkr,0.21821707
kmb,-0.21334448,jakk,0.21797913
mnst,-0.21333331,aeye,0.21766917
cfiv,-0.21299551,bsgm,0.21666645
dell,-0.21293268,tara,0.21582477
lilak,-0.21273753,ktcc,0.2152342
iqv,-0.21251263,htbx,0.21471077
cnc,-0.21200949,gtec,0.21441178
rop,-0.21121173,tlis,0.21297118
nio,-0.21068005,slgg,0.21266499
carr,-0.21048419,arec,0.21244466
atvi,-0.2102501,creg,0.2121285
payx,-0.21002904,isig,0.21212739
rsg,-0.20985104,capr,0.21165103
cdns,-0.20977248,ayla,0.21023545
ctsh,-0.20976399,sprb,0.20993167
afl,-0.20960845,puck,0.20970239
khc,-0.20940933,rfil,0.20880906
lhx,-0.20851316,gmtx,0.20848174
msci,-0.20819853,self,0.20747347
iff,-0.20784566,asmb,0.20709002
stm,-0.20739166,ctv,0.2065096
a,-0.20698701,lfmd,0.20638028
msi,-0.20668276,volt,0.20633386
gpn,-0.20614178,koss,0.20594719
idxx,-0.20495695,apt,0.20530808
hsy,-0.2036508,clxt,0.20521678
hlt,-0.20285882,cyth,0.20511079
lulu,-0.20182121,gifi,0.20506105
trow,-0.20156752,jrsh,0.20478892
ctas,-0.2014413,dtst,0.20418008
jci,-0.1994642,vtsi,0.20396592
ppg,-0.19884832,wwr,0.2039408
otis,-0.19743206,lsf,0.20377944
aptv,-0.19702804,zest,0.20373465
ea,-0.19587934,jwsm,0.20373322
algn,-0.19496436,ppih,0.2035224
xel,-0.19450468,airt,0.20318826
odfl,-0.19412,ug,0.20136987
zs,-0.19393298,sls,0.20017591
cbre,-0.19381973,acr,0.19920303
isrg,-0.19318685,idn,0.19876753
avb,-0.19312024,achv,0.19854094
rexr,-0.19171065,mtex,0.19836317
lyb,-0.19166464,etr,0.19822554
rmd,-0.19115788,ulbi,0.19760834
eqr,-0.19083227,lfvn,0.19756135
sbac,-0.19020951,naii,0.19709697
luv,-0.19017966,fve,0.19702624
fast,-0.19006017,oeg,0.19700553
trq,-0.18936217,neon,0.19672047
gds,-0.18881148,doyu,0.19607073
lng,-0.18838693,stxs,0.19539729
ame,-0.18757288,eyen,0.19528745
eog,-0.18729658,hli,0.19518146
wcn,-0.18709403,rcat,0.19508488
cprt,-0.18688776,bfi,0.19496961
keys,-0.18607062,sybx,0.19492793
ndaq,-0.18531851,ppsi,0.19481057
vrsk,-0.1852787,rcmt,0.19470556
biib,-0.18516307,pdex,0.193882
twlo,-0.18481101,hson,0.19359416
dltr,-0.18447338,cxdo,0.19346572
mtch,-0.1843158,genc,0.19318393
ceqp,-0.18412821,nhtc,0.19305272
epam,-0.18357144,tnp,0.19285077
pltr,-0.18249792,eq,0.19276646
ctxs,-0.1824942,ai,0.19201332
on,-0.18203117,orn,0.19105117
efx,-0.18152168,lmb,0.1902212
mpc,-0.181417,cnce,0.19011864
wec,-0.18113962,bgi,0.18990858
alb,-0.18082716,aaoi,0.18941358
twtr,-0.17987542,ltrn,0.1893488
abc,-0.17981419,zyne,0.18928534
oke,-0.17958434,abvc,0.18906623
voya,-0.17934112,airg,0.18880175
noac,-0.17930792,atnm,0.18870477
exr,-0.17921954,pesi,0.18854156
zto,-0.17899899,pcti,0.18853655
lvs,-0.17896336,desp,0.18838455
awk,-0.17880757,smed,0.18832798
wst,-0.17810225,pypd,0.18772861
kb,-0.17797473,stim,0.1876195
hal,-0.17780773,lotz,0.18736087
csx,-0.17670943,cmct,0.18675488
emn,-0.17662627,eton,0.1863219
ter,-0.17652652,clgn,0.18595164
eix,-0.17498945,culp,0.18594494
stx,-0.1747072,vygr,0.18529987
cdw,-0.17418529,pfmt,0.18492346
vmc,-0.17394435,ugro,0.18472895
bby,-0.17373899,isdr,0.1833688
vfc,-0.173672,life,0.1833271
tsco,-0.17332396,dbtx,0.1831351
lh,-0.17312977,farm,0.18224286
ftv,-0.17303325,asc,0.18222146
fang,-0.17232828,dyai,0.18202314
zbra,-0.17229562,phas,0.18178272
mlm,-0.17197698,tzoo,0.18154442
vrsn,-0.17182839,scpl,0.18142828
lyv,-0.17131492,aveo,0.18114986
siri,-0.17122485,ela,0.18080764
swks,-0.17045532,anix,0.18064742
grmn,-0.16996741,wve,0.18063249
expe,-0.16981792,ntic,0.1800826
aph,-0.16895188,fbio,0.17965382
invh,-0.16871116,ap,0.17956652
ste,-0.16799401,elmd,0.1792029
kyocy,-0.16692348,gsit,0.17892508
hpe,-0.16665544,otic,0.17885475
tyl,-0.16663884,imbi,0.17875725
kmi,-0.16641676,gnpx,0.17760539
sgen,-0.16610633,bhr,0.17754449
uri,-0.16606063,galt,0.17665105
mgm,-0.16531272,scyx,0.17628756
k,-0.16487443,mnov,0.17619315
ntap,-0.16450557,fnko,0.17595449
mchp,-0.16402638,rocc,0.17532718
ess,-0.16378793,cdlx,0.17530231
fe,-0.16373998,ampg,0.17493138
clr,-0.16348292,liqt,0.17442344
vldr,-0.1623431,bmtx,0.17420714
dre,-0.1619218,tast,0.17390367
fts,-0.16180651,bcli,0.17354503
ssnc,-0.16156556,swch,0.17331265
ip,-0.16114706,bdtx,0.17309651
jbht,-0.161126,qrhc,0.17291176
sui,-0.16035378,sup,0.17241938
wtfc,-0.15963472,krmd,0.17206614
wy,-0.15882777,vinc,0.17182216
expd,-0.15841989,asur,0.17110951
wdc,-0.15810142,asys,0.17077073
ui,-0.15807307,icad,0.17062764
splk,-0.15785633,nxtc,0.1695217
xyl,-0.15778512,eigr,0.16947126
tru,-0.1575807,ae,0.16876458
wat,-0.15742573,bdsx,0.16858135
flt,-0.15725169,ivac,0.16818666
pki,-0.15721379,tern,0.1681267
ulta,-0.1571914,snse,0.16777405
ce,-0.15686958,bset,0.16766407
etsy,-0.15612727,iin,0.1676239
gpc,-0.15602106,bgsf,0.16759361
gnrc,-0.15568165,pcyg,0.16754359
hubs,-0.15521136,stsa,0.16727538
bxp,-0.15504842,ctso,0.16697411
mpwr,-0.1543451,ljpc,0.1669093
pool,-0.15423094,lrmr,0.16682307
yumc,-0.15299152,fcap,0.16599593
ed,-0.15298237,aqst,0.16551839
athm,-0.15249477,strt,0.16531642
hznp,-0.15166987,epsn,0.16521075
br,-0.151487,sbtx,0.16480441
ben,-0.15125778,srax,0.16471048
wbs,-0.15078633,ftsi,0.16469371
payc,-0.14993495,mn,0.16448201
ctlt,-0.14993332,xgn,0.16439296
roku,-0.14961442,drio,0.164167
akam,-0.14928503,acu,0.16414583
entg,-0.14912535,bbq,0.16394006
trmb,-0.14842117,ahco,0.16390613
mkl,-0.14841762,ades,0.16350517
nsa,-0.14838481,gnss,0.16309094
crl,-0.14833954,clpr,0.16283385
chkp,-0.1483003,gmgi,0.16281772
udr,-0.14753716,harp,0.1627049
enph,-0.14745353,celc,0.16251631
dpz,-0.14725766,nyc,0.16188566
bldr,-0.1470637,pbpb,0.16185051
dri,-0.14703137,wstg,0.1613923
wab,-0.14615342,oesx,0.16132629
lkq,-0.14567067,syrs,0.160521
fds,-0.14528616,nls,0.16046268
omc,-0.14525928,pine,0.1603832
mro,-0.14521168,pwfl,0.16009377
qsr,-0.14503086,cdak,0.16007693
mos,-0.14451729,ampy,0.15932664
nice,-0.14422907,mtem,0.15931167
mas,-0.14387779,sj,0.15885508
moh,-0.1437128,opnt,0.15863256
incy,-0.14289209,immr,0.15837905
ttwo,-0.14252958,fstr,0.15830387
j,-0.14204943,sotk,0.15789792
sre,-0.14196257,lyts,0.15768401
nlok,-0.14165464,inzy,0.15757176
cnp,-0.14134356,sien,0.15732305
aap,-0.1411512,kvhi,0.15726213
bmrn,-0.14112914,vrdn,0.15701523
qrvo,-0.14099357,rtx,0.15681675
iclr,-0.1408206,nnbr,0.15638405
nuan,-0.13994338,vnrx,0.15595092
tdy,-0.13993892,uba,0.15510286
sjm,-0.13927841,pnrg,0.15451202
dt,-0.13921276,ipof,0.15414138
mbt,-0.1388605,ngs,0.15408756
alny,-0.13885087,flxs,0.15399893
lumn,-0.13820112,pw,0.15277098
cck,-0.13810259,lake,0.15254976
arw,-0.13809422,wrap,0.15252729
podd,-0.13762838,iti,0.15244588
hwm,-0.1376005,fngr,0.15195209
ipg,-0.13755316,uihc,0.15178575
jhx,-0.1371805,pxlw,0.15129817
pwr,-0.13717099,fixx,0.15107471
tech,-0.13682075,apen,0.15062158
cf,-0.13637504,clnn,0.15052454
vici,-0.13586806,evi,0.15045159
trgp,-0.13581757,crmd,0.15005505
chrw,-0.13534683,vhc,0.14968006
spb,-0.1349079,mesa,0.14942807
vno,-0.13452438,slgl,0.14932549
els,-0.13427332,tffp,0.14927888
agr,-0.13407074,sncr,0.14888638
fbhs,-0.13386911,uti,0.14886904
csr,-0.1338247,surf,0.1486459
logi,-0.13342695,eml,0.14856385
evrg,-0.13246936,hrtg,0.1483915
mpw,-0.13244975,panl,0.14810492
dq,-0.1318094,spok,0.14805788
cboe,-0.13151816,rgco,0.14752975
jll,-0.13107303,mlp,0.14681871
whr,-0.13102692,cbay,0.14665152
stld,-0.13061102,whg,0.1462876
ato,-0.13016295,crnt,0.14628606
simo,-0.13006873,smti,0.14621672
ptc,-0.12987931,pmts,0.14618021
ndsn,-0.12987368,ncmi,0.14556251
znga,-0.12947676,vmd,0.14552347
masi,-0.12927757,qtnt,0.14550114
gddy,-0.12919949,gceh,0.14519788
morn,-0.12896855,hurc,0.14509794
avtr,-0.12815513,esea,0.14509523
mktx,-0.12779984,smid,0.14495715
rhi,-0.12768847,aacg,0.14475887
hst,-0.12740324,rvp,0.14470437
csl,-0.12739442,mram,0.14464338
abmd,-0.12720197,kalv,0.144627
fico,-0.12682825,alpn,0.1443192
irm,-0.12668556,etnb,0.14430256
mlco,-0.12589924,cwgl,0.1441881
gl,-0.12573333,mg,0.1441718
sedg,-0.12572978,sqz,0.14406405
plug,-0.12498698,chra,0.14399993
clf,-0.12497664,srt,0.14399037
otex,-0.124760166,camp,0.14381306
ldos,-0.124233864,xair,0.14370704
len,-0.123849384,esca,0.14369886
wrk,-0.12369108,edap,0.14294018
bki,-0.12359401,goed,0.14272003
cgnx,-0.12345333,expr,0.14264879
ovv,-0.123312555,gbox,0.14262347
ir,-0.12246029,trec,0.1423394
src,-0.12229725,clpt,0.14230162
jnpr,-0.12221839,epm,0.14165452
bwa,-0.121537656,linc,0.14119986
dva,-0.12143004,prtk,0.14118443
cday,-0.12112317,cofs,0.14032334
bah,-0.12090397,fldm,0.14031763
ni,-0.120705605,aout,0.14022528
vst,-0.12057798,inod,0.13988891
ivz,-0.12009327,cece,0.13938569
cien,-0.120049864,srts,0.13930927
aal,-0.119974606,rdcm,0.13916923
trex,-0.11995596,luna,0.13870072
exas,-0.11994861,byrn,0.13867481
lsi,-0.11948349,adn,0.13843518
zen,-0.119266845,wlfc,0.13708325
st,-0.11881029,smsi,0.13689104
cone,-0.11831755,rrgb,0.136443
xray,-0.11831288,eex,0.13643374
alle,-0.1176721,cmls,0.13624614
rs,-0.116706885,actg,0.13591844
jbl,-0.11646232,ear,0.13555685
hsic,-0.115869425,amrx,0.13544337
clvt,-0.11576098,ltrx,0.13523754
sci,-0.11557259,bbcp,0.13522021
tdoc,-0.11543427,asps,0.13470797
kim,-0.11540034,kirk,0.13457721
hubb,-0.11523608,hbio,0.13451786
midd,-0.115220696,axdx,0.13436325
lw,-0.11490308,vrca,0.13433702
acm,-0.11463351,hzn,0.13340402
anet,-0.11450381,iea,0.13225184
pcty,-0.11416385,glsi,0.131974
txg,-0.11377958,ags,0.13181973
azpn,-0.11298583,hqi,0.13157848
brkr,-0.11294834,pirs,0.13123477
mp,-0.1127782,hudi,0.13097325
wsm,-0.112446904,cvgi,0.13095424
htht,-0.11238891,dla,0.13091351
see,-0.1123754,vntr,0.13062999
ttc,-0.11219369,sb,0.1303675
rgen,-0.11156724,akus,0.12986726
glpi,-0.11136752,kmph,0.12984347
sr,-0.11111584,xoma,0.12964553
oc,-0.111030936,emkr,0.1294589
tpr,-0.11082228,scor,0.12904093
dox,-0.110479824,kndi,0.12900986
axon,-0.109968156,pasg,0.12837645
g,-0.10970495,swkh,0.12831873
fms,-0.109515294,rcel,0.12778836
coup,-0.10929984,cspr,0.12726136
mksi,-0.10878704,fuv,0.12721278
bhc,-0.10740392,tsbk,0.12713338
estc,-0.10689186,clvs,0.12698415
seic,-0.10650901,nxtd,0.12689514
wynn,-0.10640679,ctra,0.12689497
musa,-0.10627242,fora,0.1267237
agco,-0.10617102,hoft,0.126674
knx,-0.106143735,pkoh,0.12658308
avlr,-0.10554835,soi,0.12608553
uthr,-0.105484724,fthm,0.12593035
tpl,-0.10548032,nath,0.12571263
alv,-0.10545215,prvb,0.12562868
jef,-0.10542893,vra,0.12558118
coop,-0.10541511,rmbl,0.12533069
synh,-0.10534291,tgan,0.124979176
bj,-0.10478354,weys,0.124735676
manh,-0.10468462,regn,0.12469765
hun,-0.104520254,strs,0.12456099
ayi,-0.10395364,vktx,0.12454258
deck,-0.10369918,kopn,0.12453772
five,-0.10323116,wba,0.124439664
armk,-0.103098065,alt,0.12430927
cabo,-0.10304413,eols,0.12406878
syna,-0.102865145,pfsw,0.12371958
aer,-0.10271096,pke,0.12290076
chh,-0.10264739,mist,0.122828
teva,-0.10261669,leu,0.1226481
oln,-0.10258168,wprt,0.122500874
aem,-0.10249753,glng,0.12243716
aee,-0.10232572,jnce,0.12208873
gfi,-0.10218184,gnog,0.12176454
m,-0.10203773,cgen,0.121512346
nvax,-0.101998255,cue,0.121417694
lad,-0.101953745,gwrs,0.1203228
wsc,-0.10181161,akts,0.11966749
itt,-0.10175839,vor,0.119522214
wh,-0.10160822,hrow,0.11948668
jazz,-0.101562664,lndc,0.1193506
jks,-0.10145243,cybe,0.11923347
crox,-0.10140372,alco,0.11917673
bery,-0.10139397,nwpx,0.1191443
wms,-0.1012761,crdf,0.11895861
wtrg,-0.10126105,rlmd,0.11877558
pen,-0.10118827,pcyo,0.11875487
ar,-0.10109597,ngvc,0.11864545
peg,-0.10108954,gtyh,0.11834775
site,-0.10079962,bned,0.118041456
smg,-0.100578114,tmdx,0.11781411
fslr,-0.100478575,bcov,0.11759758
gntx,-0.10033393,dtrc,0.11742483
bhvn,-0.10004265,imux,0.11741469
wb,-0.09995816,infu,0.11738136
lscc,-0.099940255,mgta,0.1173593
wpc,-0.09987468,dtil,0.11700503
rh,-0.09980994,selb,0.1169849
fivn,-0.099517174,ssti,0.11663745
cpri,-0.09951065,qmco,0.11660439
dnb,-0.09932689,plpc,0.11658731
pag,-0.099220484,codx,0.11621698
ipgp,-0.09887381,zeus,0.116040595
leco,-0.098374896,nvec,0.11567217
gwre,-0.09833149,srra,0.1153441
axta,-0.09827979,fll,0.11532193
slab,-0.098270535,altg,0.11528964
lite,-0.09783063,ueps,0.11522367
docn,-0.09781178,avdl,0.11497443
vrt,-0.097772256,lcut,0.114876576
chdn,-0.09752692,omer,0.11405152
krc,-0.097509265,next,0.11326251
egp,-0.097309545,cogt,0.11319876
eslt,-0.09726903,kodk,0.11282967
hii,-0.09707239,mpaa,0.11224978
tol,-0.097001635,fcuv,0.111985154
czr,-0.09694539,spro,0.11196968
cube,-0.096759036,dlhc,0.11189273
an,-0.096672185,cnty,0.11174786
nnn,-0.09614298,tsha,0.11164679
nclh,-0.09574396,hbp,0.111514315
usfd,-0.09530995,egan,0.111396626
pltk,-0.09488448,powl,0.111296915
levi,-0.09473409,hear,0.11121631
acc,-0.09463376,pstx,0.111184366
gme,-0.09434402,cdr,0.11100485
pb,-0.094146945,rlgt,0.11077129
newr,-0.09386943,tufn,0.11048232
bfam,-0.093683146,ins,0.11014611
tndm,-0.09320122,utmd,0.11002386
pega,-0.09299064,inse,0.10974343
wix,-0.09268395,free,0.10941785
ttek,-0.09251495,bnft,0.10917332
lpx,-0.0924604,akba,0.10901967
gh,-0.09182268,nktx,0.10890139
stwd,-0.09140274,ikna,0.10887434
bld,-0.091397144,dhx,0.10878575
nvst,-0.09111327,silc,0.10851159
bc,-0.09080904,artna,0.10846604
jhg,-0.09079171,rytm,0.10839501
cubi,-0.0907208,rcky,0.10816408
oled,-0.09067169,nl,0.10800887
wlk,-0.090302765,apph,0.10796387
xpo,-0.09009075,brt,0.10781721
wex,-0.089988075,plse,0.10772921
pii,-0.08967623,notv,0.10769259
buff,-0.0888982,avnw,0.10765081
ohi,-0.08887399,wldn,0.10757757
esi,-0.08807539,rmo,0.10754659
hta,-0.08801713,axgn,0.10716448
nlsn,-0.08725977,prth,0.106583305
ppc,-0.08687522,xbit,0.10617766
ingr,-0.08681648,klr,0.10607051
omcl,-0.0867883,iii,0.104800835
byd,-0.086627185,lsea,0.104523584
gmed,-0.086542115,mrns,0.10383208
cold,-0.08648753,mlr,0.10358024
ccmp,-0.08632415,ff,0.1035701
saia,-0.08628383,fdmt,0.10321952
lfus,-0.08623625,axti,0.10312712
exp,-0.08602188,aeri,0.10306854
plan,-0.08587875,xxii,0.102909714
iac,-0.085749015,alto,0.10283367
alk,-0.08570136,gthx,0.102323554
mixt,-0.08535438,plrx,0.10231602
nov,-0.08524707,casa,0.1022803
alsn,-0.085236095,natr,0.10178082
pnr,-0.084758416,dhc,0.10172177
amcr,-0.08474793,ndls,0.10167811
rba,-0.084385745,mpx,0.101496354
eeft,-0.08423701,rdvt,0.101393476
penn,-0.08421427,ocn,0.101155855
insp,-0.083803415,atom,0.1009056
rng,-0.083695315,dsx,0.10086427
kbr,-0.083546676,aray,0.10073359
rgld,-0.08351272,sbow,0.10062498
atus,-0.08284548,cto,0.10028746
coty,-0.082659505,tg,0.100132786
caci,-0.08257609,apei,0.099977896
ash,-0.08195896,oyst,0.09979541
vvv,-0.0819085,hbcp,0.099181145
eme,-0.08189733,tci,0.099005625
nvcr,-0.0818839,laws,0.09895624
cohr,-0.081727885,atha,0.09892995
spr,-0.081527926,allt,0.09872672
nbix,-0.08152785,ctt,0.0985426
ntnx,-0.08146901,fmtx,0.097138084
brks,-0.081324585,stks,0.0970274
fl,-0.08128548,ufi,0.09687052
open,-0.0812167,fnch,0.09682988
dei,-0.080851026,nssc,0.09669068
pstg,-0.080693975,grvy,0.096552074
cuz,-0.08067357,ois,0.09654567
hei-a,-0.08044415,dzsi,0.09635874
cr,-0.079948075,vpg,0.095709234
foxf,-0.079910345,cpsi,0.09558422
wcc,-0.07960636,gilt,0.09549606
iaa,-0.07939389,ghl,0.09543691
gps,-0.07916573,wkhs,0.09522436
medp,-0.07845989,lqda,0.09504783
asgn,-0.07845493,qs,0.09481902
arna,-0.078269705,blbd,0.09448791
igt,-0.078001134,ryam,0.093867734
cybr,-0.077966996,spne,0.093769364
seas,-0.07783737,ocul,0.09375086
ntla,-0.07752861,tars,0.09362699
mfh,-0.077346794,ht,0.09358742
run,-0.07699895,llnw,0.09352767
aqn,-0.076799065,oric,0.0934238
mtdr,-0.076517045,dyn,0.09315581
mur,-0.076362774,cir,0.093072474
gpk,-0.076002926,cps,0.09276192
mime,-0.07565523,ooma,0.09221997
colm,-0.075615555,acet,0.0918452
algm,-0.0753298,apyx,0.09169544
yeti,-0.075244784,ehth,0.09151809
dsgx,-0.07516767,insw,0.09150936
nee,-0.07508957,spwh,0.091388285
cigi,-0.07489739,rptx,0.09123905
qfin,-0.07483797,vapo,0.09081343
hfc,-0.07472637,cste,0.09011356
tenb,-0.07433479,veru,0.090100326
sgms,-0.07433395,taco,0.089842595
amkr,-0.07424551,psnl,0.08982547
hog,-0.07418228,untc,0.089806825
txrh,-0.074158505,anik,0.089656085
irtc,-0.074039824,jfin,0.08944882
ssd,-0.073918894,tw,0.08935795
cw,-0.07373047,idya,0.089323655
novt,-0.07365559,vuzi,0.089042984
son,-0.073561355,vray,0.0889846
gt,-0.07353623,ptsi,0.088939905
prgo,-0.07336677,insg,0.088865526
ryn,-0.07286879,trc,0.088793956
msa,-0.072597854,rada,0.08868236
hhc,-0.07236668,ll,0.08855668
hbi,-0.07235926,loco,0.088200755
adt,-0.07222768,hffg,0.087935545
ufpi,-0.0722227,plym,0.087816246
rcm,-0.07197599,ctrn,0.087767035
vg,-0.07194835,fulc,0.08766354
crus,-0.07173759,tlry,0.087556124
tnet,-0.07170427,bbsi,0.08754681
nati,-0.071640976,ulh,0.08748068
clh,-0.07089206,dxpe,0.086921215
ncr,-0.07082073,mdxg,0.08668368
drvn,-0.07064786,cmrx,0.08652597
srpt,-0.07039751,tcs,0.08651231
am,-0.07038001,kron,0.08614812
hele,-0.070232056,vtnr,0.08547567
vir,-0.06997762,mcft,0.085386716
rpd,-0.0699433,chuy,0.08519472
rog,-0.06979984,cgem,0.085176654
mrtx,-0.06966858,sri,0.08502712
exel,-0.06925348,inve,0.084876746
oiim,-0.069141574,pets,0.08424624
tdc,-0.06908909,hzon,0.08393263
ntra,-0.069007985,prts,0.08368364
arwr,-0.068951964,poww,0.08341398
ugi,-0.068778686,pgen,0.08324841
wen,-0.06875027,dco,0.08306326
amba,-0.06842666,blue,0.082819775
srcl,-0.06798652,noa,0.08271635
bl,-0.06786906,yell,0.082473256
fcn,-0.06773348,repx,0.0823618
hayw,-0.06768741,tcda,0.082182504
bb,-0.067686856,djco,0.08196091
cdk,-0.06763894,btai,0.081821874
roll,-0.067294575,tdw,0.08092074
atkr,-0.066947654,siga,0.08074167
awi,-0.066859305,nvgs,0.080386676
cwk,-0.066785894,rna,0.08034702
smtc,-0.06665691,fosl,0.079587705
qdel,-0.06656604,vec,0.07924284
chx,-0.06620434,acrs,0.079212226
vnt,-0.066147014,smlr,0.0791592
bcpc,-0.066009894,centa,0.07903147
mgp,-0.06590886,lamr,0.078213885
mxl,-0.065677315,hayn,0.07815104
rhp,-0.06557568,icpt,0.07810891
hlf,-0.06542048,frph,0.07785717
hiw,-0.06486259,yorw,0.07769836
krnt,-0.06485171,albo,0.07726601
etrn,-0.064569764,thr,0.07721109
kfrc,-0.064486474,cnsl,0.077091895
onto,-0.064360715,wtba,0.07691369
wd,-0.06405441,knte,0.076655634
icui,-0.0639573,amot,0.076181106
mtsi,-0.06390315,co,0.07607847
qlys,-0.06369197,sxc,0.0760772
saic,-0.06362148,cara,0.075817995
powi,-0.06354051,ufpt,0.07532336
irdm,-0.063087806,kdny,0.07524049
hxl,-0.06295828,ipi,0.07510615
rdn,-0.06289511,zyme,0.07486371
amn,-0.06285544,tpc,0.074706316
unvr,-0.06276815,oust,0.07463644
sm,-0.0626423,tbph,0.07440132
sig,-0.06261195,ibcp,0.074281745
seb,-0.06258864,npk,0.07415628
crsp,-0.062476315,chs,0.07404556
zlab,-0.061931036,veri,0.07399385
aqua,-0.06190978,mirm,0.07393019
por,-0.061212055,rpt,0.073612295
gtes,-0.0611752,osur,0.07325678
fn,-0.060453348,efc,0.072843745
slgn,-0.060407497,ahh,0.07240311
ocdx,-0.05984761,rilyz,0.072343
wing,-0.0598028,osw,0.0721719
jbt,-0.05969138,puyi,0.07207133
halo,-0.05956492,stok,0.07195713
achc,-0.059400383,legh,0.07190051
ncno,-0.059326366,dhil,0.071873546
pk,-0.058913797,le,0.07181369
tsem,-0.05879354,grpn,0.07177209
adc,-0.05863209,dske,0.071680285
hpk,-0.058590986,sgoc,0.07140918
jblu,-0.05849203,ecom,0.071089245
mms,-0.058167342,itrn,0.07097687
himx,-0.058143802,crai,0.07056198
apg,-0.057565313,ofix,0.07041338
lanc,-0.057349622,mgi,0.070378706
nkla,-0.056976926,vxrt,0.07037447
pzza,-0.056927327,ke,0.07021188
bynd,-0.056820974,srdx,0.07013693
swi,-0.056519292,bjri,0.0699658
apps,-0.05633645,imxi,0.069595575
spsc,-0.05632603,atni,0.069353335
exls,-0.056200027,rgp,0.06905108
ions,-0.05616225,irmd,0.06889663
cns,-0.056011885,swir,0.06867879
vne,-0.05581996,agx,0.06851709
trox,-0.05551484,lpg,0.068421684
hqy,-0.055291,dmrc,0.06824547
safm,-0.05514658,mtw,0.068224244
vrns,-0.054884985,indt,0.06813144
diod,-0.054871786,kop,0.0680374
lthm,-0.054461133,sd,0.06780438
gtls,-0.054434676,utl,0.06763922
dbc,-0.054355837,sp,0.067522936
ogs,-0.05420002,ingn,0.067245856
opch,-0.053420458,mye,0.06709881
fele,-0.053203747,pmvp,0.066777036
ora,-0.053178623,fsp,0.06675775
trn,-0.052859355,mcrb,0.0667532
rare,-0.05258733,cldt,0.06665793
box,-0.052310154,cprx,0.0666391
livn,-0.052304797,gci,0.066392995
amed,-0.05217407,hyfm,0.066386275
env,-0.0519458,plus,0.06635258
sail,-0.051876508,coll,0.066349305
doc,-0.05184123,fhtx,0.06605874
nvmi,-0.051759847,azre,0.06595251
hpp,-0.05175342,view,0.06586375
cert,-0.051614463,ruth,0.06570891
msp,-0.051451772,asle,0.06555011
wns,-0.051428936,upld,0.0655045
njdcy,-0.051427323,prty,0.065428
aciw,-0.051393576,mx,0.06533113
ensg,-0.051277336,gnk,0.064759925
kmpr,-0.051199082,srrk,0.06466954
alks,-0.05113096,mrc,0.064669356
tgna,-0.05111812,afin,0.06447432
beam,-0.051019497,hrtx,0.06423076
ttec,-0.05093977,ospn,0.06399138
frpt,-0.050920326,peri,0.063693725
expi,-0.05090501,sibn,0.06365133
x,-0.05085576,prax,0.06359559
aep,-0.05078188,olp,0.063589804
alrm,-0.050453354,hngr,0.063535355
cri,-0.050381783,cutr,0.06345251
pch,-0.050358254,quot,0.06302539
bcrx,-0.050349258,imvt,0.06301305
msgs,-0.050152786,sohu,0.0627175
viav,-0.050103277,love,0.06261405
mth,-0.050024483,twi,0.062334295
neu,-0.04982346,cvgw,0.061965983
dnli,-0.049745154,endp,0.061510544
nari,-0.049703002,mitk,0.0615049
omi,-0.049509075,ango,0.06130708
cnx,-0.04903948,pgc,0.06071881
kfy,-0.049028825,gevo,0.060476243
jbgs,-0.048996266,mgnx,0.060469832
becn,-0.048945498,rapt,0.06045509
lesl,-0.04890394,vnda,0.060432866
golf,-0.04882014,egrx,0.06035939
neog,-0.048606366,gbl,0.06024773
hain,-0.04834726,akro,0.05977387
arnc,-0.048338793,hcci,0.059673376
matx,-0.048302986,he,0.05953445
aple,-0.048147026,wti,0.059356794
trup,-0.048106015,sgmo,0.059268877
wgo,-0.047930006,vsec,0.058910433
post,-0.047879487,titn,0.058634613
grp-un,-0.047821805,ontf,0.058575403
whd,-0.047595527,kzr,0.058561448
ait,-0.047425933,ruby,0.05851916
hi,-0.047383297,vitl,0.05811657
vcra,-0.04736722,acco,0.05796279
ful,-0.04731513,arqt,0.05730902
qtwo,-0.047117926,kpti,0.056863453
lope,-0.04708744,nx,0.056650303
swx,-0.047037683,clar,0.056515034
bco,-0.04672052,lqdt,0.056409933
flow,-0.045528684,aht,0.056067746
jobs,-0.045307755,awr,0.056048352
lpl,-0.045186948,gsg,0.055698074
chng,-0.045059428,trns,0.055558115
aso,-0.045000352,cac,0.055473648
out,-0.044824474,uht,0.055417527
mdc,-0.044747744,arct,0.05495383
thrm,-0.04471451,np,0.054150883
vrnt,-0.044270642,tmst,0.053755708
cno,-0.044174995,plby,0.053632647
dan,-0.04402801,ntus,0.05357954
fix,-0.043846183,wina,0.05330532
aeo,-0.043841243,lnt,0.053163394
krtx,-0.043752547,merc,0.052885476
pgny,-0.043310385,hstm,0.052673336
apam,-0.043266226,mgtx,0.052622624
sol,-0.04317345,ccrn,0.05242509
cveo,-0.04301143,hwkn,0.052233573
trip,-0.042724833,strl,0.052069787
aeis,-0.04262993,dsgn,0.051622245
rezi,-0.04249558,cang,0.051516995
smpl,-0.04236601,hyln,0.05148378
njr,-0.042338803,zgnx,0.05139962
lcii,-0.04232958,grub,0.051090613
nsit,-0.04231586,tcx,0.05108358
safe,-0.04216402,jynt,0.05074547
vrna,-0.042150512,bxc,0.05064473
hp,-0.041966688,ewtx,0.05061036
sstk,-0.041892584,plow,0.050495848
wdfc,-0.041867424,boom,0.05047497
cere,-0.04176998,tile,0.050456114
jwn,-0.04175728,qure,0.050217897
vzio,-0.04157607,prdo,0.050183427
cbt,-0.04116143,sndx,0.050164267
cfx,-0.041147012,ceva,0.04975678
sono,-0.041109584,swbi,0.049589325
acad,-0.041069183,nptn,0.04951204
dct,-0.04101562,nesr,0.04948511
evtc,-0.04093141,rick,0.049480226
boot,-0.040771868,qnst,0.049394615
klic,-0.040543314,noah,0.049165588
kw,-0.040461533,adtn,0.04914796
ajrd,-0.040431276,cal,0.049140856
ale,-0.039891794,ihc,0.049139433
bmi,-0.0398524,bcor,0.049091976
bkh,-0.039761793,holi,0.0489584
sem,-0.039720323,revg,0.04890289
prft,-0.039556764,mnkd,0.04870759
mli,-0.039345637,rnlx,0.048525438
fti,-0.039170217,uec,0.048501045
vc,-0.03890515,arlo,0.048389494
ibp,-0.03885897,vivo,0.048382454
sfm,-0.038756885,nrc,0.048339143
ens,-0.038693238,ccf,0.048137326
fate,-0.038615197,oprx,0.04736413
sgry,-0.03851729,cstl,0.047338426
cvlt,-0.03825642,bhe,0.047172345
ayx,-0.037722435,scsc,0.04700907
shoo,-0.03765216,ntgr,0.04700453
staa,-0.037523847,dbd,0.04692334
egle,-0.037509393,hsii,0.04685116
form,-0.037448272,lind,0.046747155
fsly,-0.036874343,ino,0.046595115
eprt,-0.036812603,gts,0.04629756
oas,-0.036745533,nfbk,0.04622156
spwr,-0.036632605,nrix,0.04574371
dorm,-0.03657784,lasr,0.045707427
rmbs,-0.036341727,abtx,0.045593146
pmcb,-0.035934094,rbbn,0.0453253
wor,-0.035888318,rvnc,0.045305204
nvro,-0.03574925,xent,0.044291794
flr,-0.035380375,slp,0.044177048
ofc,-0.034859695,repl,0.04411249
eqc,-0.03467792,psn,0.044078745
mrcy,-0.03463629,vvi,0.043653052
rdfn,-0.034545857,gco,0.043426577
cwt,-0.034499936,sptn,0.043422665
cake,-0.034425262,modn,0.043417253
joe,-0.034379758,slca,0.043397326
eaf,-0.034305796,gldd,0.0430565
apls,-0.033614155,pae,0.042849433
aimc,-0.033612948,bkd,0.042779863
mmsi,-0.033349346,tnk,0.042622343
tcnnf,-0.032884456,cers,0.04253508
usm,-0.032779895,metc,0.04242321
wern,-0.032586157,vhi,0.042379476
fwrd,-0.03238363,drq,0.04232511
atrc,-0.03198559,swm,0.042285796
calx,-0.031598754,ecol,0.042163786
abm,-0.03154936,mgic,0.041957837
bdc,-0.031287543,crnx,0.041811697
bcc,-0.031265784,rgnx,0.0417303
ava,-0.03118517,wetf,0.041685786
cbrl,-0.030910728,apts,0.041075934
plxs,-0.030571498,atex,0.04106235
eye,-0.030454785,kids,0.040992696
tph,-0.030326823,twnk,0.04073243
ktb,-0.029996375,cio,0.040695675
ngvt,-0.029876733,ha,0.040337533
arvn,-0.029625658,so,0.040311996
hlio,-0.029613692,rckt,0.040083174
csgp,-0.029554613,tbi,0.039841365
ptct,-0.029494619,chrs,0.03974409
epc,-0.029406138,denn,0.039533436
itci,-0.02937854,geo,0.038760763
yelp,-0.029153997,goss,0.038631734
jjsf,-0.028945578,erii,0.038631357
ccoi,-0.028714908,accd,0.038425732
unit,-0.02842182,real,0.03824742
pack,-0.02832038,iesc,0.03820418
mdrx,-0.028182363,cnxn,0.038166236
algt,-0.028162494,aiv,0.038019877
ati,-0.027792059,road,0.0374768
nwe,-0.027672226,agys,0.03740242
vsat,-0.027533462,qtrx,0.037360884
cnne,-0.02746939,pdfs,0.036968153
ain,-0.027207172,talo,0.036936752
spce,-0.02681448,vtol,0.036704008
cpe,-0.026537672,lung,0.03667644
adap,-0.025719283,amwd,0.036434006
vsto,-0.025459297,nuvb,0.036402665
pcrx,-0.025391834,inn,0.035684384
mtl,-0.025345871,nhc,0.035610687
swtx,-0.025156854,hzo,0.035335444
itri,-0.025008986,avxl,0.035263672
sanm,-0.024616677,csv,0.03497197
lwlg,-0.024583096,yext,0.034948945
nhi,-0.024423866,ac,0.034774557
door,-0.023811774,axsm,0.034582127
ebs,-0.023788616,anab,0.03457981
crk,-0.023560716,wnc,0.034417715
pdco,-0.0235257,zumz,0.034327015
zntl,-0.023337906,cldx,0.03418607
ameh,-0.023239998,grc,0.034137808
irt,-0.022066632,hckt,0.034040593
itgr,-0.021636913,vips,0.03398023
four,-0.021472333,arko,0.033946212
cvco,-0.021452956,pcvx,0.03385369
epay,-0.021430815,opk,0.033809375
axnx,-0.02134994,clfd,0.033703692
ottr,-0.02127683,thry,0.033672176
rxt,-0.021139316,ngm,0.03349792
oi,-0.02073136,srne,0.033301864
vrs,-0.02052997,forr,0.03320279
htia,-0.020477884,seer,0.03311871
urbn,-0.020422563,ttcf,0.032867193
sho,-0.02031053,rxdx,0.03282874
bdn,-0.02020444,gnl,0.032695733
uctt,-0.020183127,pump,0.032464746
hae,-0.020168047,cars,0.03230149
neo,-0.020154772,atra,0.03228951
acls,-0.02007838,audc,0.032221872
rcus,-0.020005928,faro,0.032115776
pi,-0.019996919,sfl,0.032002784
gcp,-0.019834029,mrus,0.031710442
mtx,-0.019488335,mdgl,0.03161811
med,-0.019306209,twou,0.031583477
cvi,-0.019133057,dnow,0.03135049
rig,-0.0190907,arco,0.0311175
pdm,-0.018825313,imax,0.030538276
fold,-0.018799048,oec,0.030362433
unfi,-0.018723179,sats,0.030324038
bgs,-0.018709205,ppl,0.030303776
lpro,-0.018580759,tgls,0.030222055
vrrm,-0.018503381,cts,0.029888524
modv,-0.018475838,par,0.02985528
aaww,-0.018320141,blfs,0.029829275
insm,-0.018286174,hlit,0.029766658
fss,-0.01824061,shen,0.029539926
jeld,-0.01816036,uuuu,0.029534068
ttgt,-0.018052924,chef,0.02952369
rlj,-0.01800138,vrex,0.0292348
spxc,-0.017762573,lpi,0.029225929
gkos,-0.01726408,isee,0.029054739
go,-0.017142622,aten,0.02813297
sage,-0.01695484,bcyc,0.028101465
pd,-0.016941542,aeva,0.02776462
ths,-0.016788283,fgen,0.027625723
bfs,-0.016625997,land,0.027273891
aat,-0.016286217,inbx,0.026963882
regi,-0.016113652,grbk,0.026752263
ntct,-0.016027646,tvty,0.026619697
roic,-0.015954534,atec,0.02634284
praa,-0.015928535,bbby,0.026247142
crto,-0.015909642,gbx,0.026237201
ue,-0.015812438,adus,0.026235621
ual,-0.015612487,mcri,0.026222393
civi,-0.015591443,ta,0.025952414
adpt,-0.0150927715,alec,0.025703331
gms,-0.014991959,inva,0.025539549
cvet,-0.014855136,ftcv,0.025370758
md,-0.01415731,eypt,0.025334025
ccs,-0.013838852,htld,0.025305457
vrts,-0.013746244,ebix,0.025224969
auph,-0.013542059,cdmo,0.025186172
mpln,-0.0132629415,myov,0.025143687
frog,-0.012621799,azz,0.024998454
tds,-0.012577762,ichr,0.024841107
psmt,-0.012362516,kros,0.02476475
wre,-0.012089133,silk,0.024711957
odp,-0.011842643,krys,0.024340497
aca,-0.0116736675,nxgn,0.024150142
lpsn,-0.011550921,plab,0.024093516
pten,-0.011375892,drh,0.02408958
flgt,-0.011301596,pgti,0.02406513
ng,-0.011262056,slqt,0.023717262
tse,-0.011149388,lrn,0.023387235
tgh,-0.010901243,plya,0.023384258
idcc,-0.010743996,prch,0.023351595
kn,-0.010255932,clne,0.023172298
ptve,-0.010202942,prlb,0.022991734
nxrt,-0.010054931,aosl,0.022884412
sava,-0.010048988,pro,0.022882149
save,-0.010001693,clb,0.022688124
maxr,-0.0098483525,hsc,0.02245063
cbz,-0.009718489,amrn,0.022278758
mwa,-0.009481897,mgee,0.022132961
rlay,-0.009347065,hcat,0.021849576
usna,-0.008923328,hl,0.021647312
kar,-0.008683271,xene,0.021440035
cnr,-0.008583124,gden,0.021340791
ibrx,-0.008475753,cde,0.02122522
btu,-0.008364123,sxi,0.021090347
hmhc,-0.007925804,opi,0.0210617
prgs,-0.007880638,mrtn,0.020959085
cort,-0.007796361,ltc,0.02030233
bzun,-0.007701137,alx,0.019877162
cdna,-0.0073565976,fdp,0.01976921
skt,-0.007339126,banr,0.019709734
fcpt,-0.0072799004,prim,0.019512946
ecpg,-0.006963926,imgn,0.019408869
xhr,-0.00654433,dfin,0.019403646
pgre,-0.0065359515,dlx,0.019010827
mmi,-0.0064948234,uvv,0.019010052
cnk,-0.0063011334,res,0.018980071
nktr,-0.005910569,meg,0.018794136
btcs,-0.0058348514,gty,0.018734803
ccxi,-0.00577965,acel,0.01869671
kymr,-0.005332164,bv,0.018462569
calm,-0.0049923905,edit,0.018042337
nex,-0.0046813507,enta,0.01798327
xncr,-0.004234994,cmre,0.017907554
evh,-0.0041128746,big,0.017813314
akr,-0.0039209374,cccc,0.017720768
inmd,-0.0037130076,atge,0.017592777
rock,-0.003580314,pahc,0.01748287
hrmy,-0.0033809836,rdnt,0.017391047
csgs,-0.003313492,sens,0.017143613
evri,-0.0033009856,gff,0.016868975
taro,-0.0029278484,stra,0.016777012
tree,-0.0029216625,allo,0.016671846
mgpi,-0.0028894567,avns,0.016374491
codi,-0.0027911654,nwn,0.016340854
mygn,-0.0026588563,apog,0.016308948
icfi,-0.0025937587,lyft,0.016126525
wow,-0.0025225873,cxw,0.015931543
sbh,-0.0024421613,avav,0.015836667
irwd,-0.0019779957,mntk,0.015765088
krg,-0.0019769343,tptx,0.015486076
infn,-0.001729018,rfp,0.015477394
sjw,-0.0016923567,avid,0.015461395
alg,-0.0014172969,amph,0.0152247
mgrc,-0.0012256213,dk,0.015154937
comm,-0.0010472295,scs,0.015045575
dea,-0.00090855994,cdxs,0.014737142
foe,-0.0008002187,oflx,0.014261979
snbr,-0.000703638,baly,0.014064501
gdot,-0.00053912716,tnc,0.013757862
xper,-0.00029459654,ges,0.013562974
gdyn,-0.00021174032,nstg,0.013560786
mei,7.585084e-5,vcel,0.013227688
iova,0.00029519567,dba,0.012881991
lgnd,0.00040287248,tvtx,0.012731709
irbt,0.00042504154,esta,0.012671836
ptgx,0.000571074,elf,0.012571886
ctos,0.0005994501,sgh,0.012569379
msex,0.0006021766,trs,0.01246323
cyrx,0.00064209587,til,0.0124334665
ktos,0.00071951136,osis,0.012238768
hcc,0.0010020753,eat,0.01211394
forty,0.0010277025,svc,0.011901593
gbt,0.0011257388,oge,0.011878232
play,0.0012646044,jbi,0.011764265
bke,0.0012809598,kra,0.011664273
cmpr,0.0015609436,mlab,0.011499633
nvee,0.0015802328,kalu,0.01137673
camt,0.0015990178,lzb,0.011254929
adv,0.0020392544,gogo,0.011157167
nog,0.0022553164,tgi,0.010758771
fet,0.0022593793,fc,0.010573836
xpel,0.0022684643,nbhc,0.010423003
lnth,0.0022916726,supn,0.010328169
blmn,0.0023816829,aspn,0.010047542
alex,0.0024014849,cnob,0.009979138
flng,0.0024671739,apr,0.00965032
kro,0.002520599,itos,0.009498696
agio,0.0026748828,goev,0.009440457
hni,0.0027442595,oxm,0.00922992
extr,0.0027813134,tcom,0.009206163
vgr,0.0032807412,eb,0.009100715
spns,0.0033028089,frta,0.009012682
int,0.0034293437,aste,0.008928167
rvmd,0.0034687554,schl,0.008865645
mtor,0.0034846652,prta,0.008861765
cli,0.0034850345,tell,0.0085387295
vcyt,0.0036736876,fro,0.008320425
patk,0.0037013874,myrg,0.008284936
vrtv,0.004359807,cenx,0.008269595
onem,0.004437106,eght,0.008191998
enva,0.0044494467,morf,0.008182917
om,0.0044727395,rdwr,0.007944301
sana,0.004650043,avya,0.0077831172
veco,0.004679031,sdgr,0.0077761784
nlst,0.004717469,gva,0.0076813605
cohu,0.004724759,cytk,0.0076445164
mgni,0.004737048,dvax,0.007641736
pcg,0.005164477,dac,0.007636067
wmk,0.0052645938,crs,0.0074709877
gpre,0.0064276797,oii,0.007443484
cyh,0.0065688835,csiq,0.007407026
ttmi,0.006767907,shyf,0.007231295
ping,0.006948527,ssys,0.0070941807
ssys,0.0070941807,ping,0.006948527
shyf,0.007231295,ttmi,0.006767907
csiq,0.007407026,cyh,0.0065688835
oii,0.007443484,gpre,0.0064276797
crs,0.0074709877,wmk,0.0052645938
dac,0.007636067,pcg,0.005164477
dvax,0.007641736,mgni,0.004737048
cytk,0.0076445164,cohu,0.004724759
gva,0.0076813605,nlst,0.004717469
sdgr,0.0077761784,veco,0.004679031
avya,0.0077831172,sana,0.004650043
rdwr,0.007944301,om,0.0044727395
morf,0.008182917,enva,0.0044494467
eght,0.008191998,onem,0.004437106
cenx,0.008269595,vrtv,0.004359807
myrg,0.008284936,patk,0.0037013874
fro,0.008320425,vcyt,0.0036736876
tell,0.0085387295,cli,0.0034850345
prta,0.008861765,mtor,0.0034846652
schl,0.008865645,rvmd,0.0034687554
aste,0.008928167,int,0.0034293437
frta,0.009012682,spns,0.0033028089
eb,0.009100715,vgr,0.0032807412
tcom,0.009206163,extr,0.0027813134
oxm,0.00922992,hni,0.0027442595
goev,0.009440457,agio,0.0026748828
itos,0.009498696,kro,0.002520599
apr,0.00965032,flng,0.0024671739
cnob,0.009979138,alex,0.0024014849
aspn,0.010047542,blmn,0.0023816829
supn,0.010328169,lnth,0.0022916726
nbhc,0.010423003,xpel,0.0022684643
fc,0.010573836,fet,0.0022593793
tgi,0.010758771,nog,0.0022553164
gogo,0.011157167,adv,0.0020392544
lzb,0.011254929,camt,0.0015990178
kalu,0.01137673,nvee,0.0015802328
mlab,0.011499633,cmpr,0.0015609436
kra,0.011664273,bke,0.0012809598
jbi,0.011764265,play,0.0012646044
oge,0.011878232,gbt,0.0011257388
svc,0.011901593,forty,0.0010277025
eat,0.01211394,hcc,0.0010020753
osis,0.012238768,ktos,0.00071951136
til,0.0124334665,cyrx,0.00064209587
trs,0.01246323,msex,0.0006021766
sgh,0.012569379,ctos,0.0005994501
elf,0.012571886,ptgx,0.000571074
esta,0.012671836,irbt,0.00042504154
tvtx,0.012731709,lgnd,0.00040287248
dba,0.012881991,iova,0.00029519567
vcel,0.013227688,mei,7.585084e-5
nstg,0.013560786,gdyn,-0.00021174032
ges,0.013562974,xper,-0.00029459654
tnc,0.013757862,gdot,-0.00053912716
baly,0.014064501,snbr,-0.000703638
oflx,0.014261979,foe,-0.0008002187
cdxs,0.014737142,dea,-0.00090855994
scs,0.015045575,comm,-0.0010472295
dk,0.015154937,mgrc,-0.0012256213
amph,0.0152247,alg,-0.0014172969
avid,0.015461395,sjw,-0.0016923567
rfp,0.015477394,infn,-0.001729018
tptx,0.015486076,krg,-0.0019769343
mntk,0.015765088,irwd,-0.0019779957
avav,0.015836667,sbh,-0.0024421613
cxw,0.015931543,wow,-0.0025225873
lyft,0.016126525,icfi,-0.0025937587
apog,0.016308948,mygn,-0.0026588563
nwn,0.016340854,codi,-0.0027911654
avns,0.016374491,mgpi,-0.0028894567
allo,0.016671846,tree,-0.0029216625
stra,0.016777012,taro,-0.0029278484
gff,0.016868975,evri,-0.0033009856
sens,0.017143613,csgs,-0.003313492
rdnt,0.017391047,hrmy,-0.0033809836
pahc,0.01748287,rock,-0.003580314
atge,0.017592777,inmd,-0.0037130076
cccc,0.017720768,akr,-0.0039209374
big,0.017813314,evh,-0.0041128746
cmre,0.017907554,xncr,-0.004234994
enta,0.01798327,nex,-0.0046813507
edit,0.018042337,calm,-0.0049923905
bv,0.018462569,kymr,-0.005332164
acel,0.01869671,ccxi,-0.00577965
gty,0.018734803,btcs,-0.0058348514
meg,0.018794136,nktr,-0.005910569
res,0.018980071,cnk,-0.0063011334
uvv,0.019010052,mmi,-0.0064948234
dlx,0.019010827,pgre,-0.0065359515
dfin,0.019403646,xhr,-0.00654433
imgn,0.019408869,ecpg,-0.006963926
prim,0.019512946,fcpt,-0.0072799004
banr,0.019709734,skt,-0.007339126
fdp,0.01976921,cdna,-0.0073565976
alx,0.019877162,bzun,-0.007701137
ltc,0.02030233,cort,-0.007796361
mrtn,0.020959085,prgs,-0.007880638
opi,0.0210617,hmhc,-0.007925804
sxi,0.021090347,btu,-0.008364123
cde,0.02122522,ibrx,-0.008475753
gden,0.021340791,cnr,-0.008583124
xene,0.021440035,kar,-0.008683271
hl,0.021647312,usna,-0.008923328
hcat,0.021849576,rlay,-0.009347065
mgee,0.022132961,mwa,-0.009481897
amrn,0.022278758,cbz,-0.009718489
hsc,0.02245063,maxr,-0.0098483525
clb,0.022688124,save,-0.010001693
pro,0.022882149,sava,-0.010048988
aosl,0.022884412,nxrt,-0.010054931
prlb,0.022991734,ptve,-0.010202942
clne,0.023172298,kn,-0.010255932
prch,0.023351595,idcc,-0.010743996
plya,0.023384258,tgh,-0.010901243
lrn,0.023387235,tse,-0.011149388
slqt,0.023717262,ng,-0.011262056
pgti,0.02406513,flgt,-0.011301596
drh,0.02408958,pten,-0.011375892
plab,0.024093516,lpsn,-0.011550921
nxgn,0.024150142,aca,-0.0116736675
krys,0.024340497,odp,-0.011842643
silk,0.024711957,wre,-0.012089133
kros,0.02476475,psmt,-0.012362516
ichr,0.024841107,tds,-0.012577762
azz,0.024998454,frog,-0.012621799
myov,0.025143687,mpln,-0.0132629415
cdmo,0.025186172,auph,-0.013542059
ebix,0.025224969,vrts,-0.013746244
htld,0.025305457,ccs,-0.013838852
eypt,0.025334025,md,-0.01415731
ftcv,0.025370758,cvet,-0.014855136
inva,0.025539549,gms,-0.014991959
alec,0.025703331,adpt,-0.0150927715
ta,0.025952414,civi,-0.015591443
mcri,0.026222393,ual,-0.015612487
adus,0.026235621,ue,-0.015812438
gbx,0.026237201,crto,-0.015909642
bbby,0.026247142,praa,-0.015928535
atec,0.02634284,roic,-0.015954534
tvty,0.026619697,ntct,-0.016027646
grbk,0.026752263,regi,-0.016113652
inbx,0.026963882,aat,-0.016286217
land,0.027273891,bfs,-0.016625997
fgen,0.027625723,ths,-0.016788283
aeva,0.02776462,pd,-0.016941542
bcyc,0.028101465,sage,-0.01695484
aten,0.02813297,go,-0.017142622
isee,0.029054739,gkos,-0.01726408
lpi,0.029225929,spxc,-0.017762573
vrex,0.0292348,rlj,-0.01800138
chef,0.02952369,ttgt,-0.018052924
uuuu,0.029534068,jeld,-0.01816036
shen,0.029539926,fss,-0.01824061
hlit,0.029766658,insm,-0.018286174
blfs,0.029829275,aaww,-0.018320141
par,0.02985528,modv,-0.018475838
cts,0.029888524,vrrm,-0.018503381
tgls,0.030222055,lpro,-0.018580759
ppl,0.030303776,bgs,-0.018709205
sats,0.030324038,unfi,-0.018723179
oec,0.030362433,fold,-0.018799048
imax,0.030538276,pdm,-0.018825313
arco,0.0311175,rig,-0.0190907
dnow,0.03135049,cvi,-0.019133057
twou,0.031583477,med,-0.019306209
mdgl,0.03161811,mtx,-0.019488335
mrus,0.031710442,gcp,-0.019834029
sfl,0.032002784,pi,-0.019996919
faro,0.032115776,rcus,-0.020005928
audc,0.032221872,acls,-0.02007838
atra,0.03228951,neo,-0.020154772
cars,0.03230149,hae,-0.020168047
pump,0.032464746,uctt,-0.020183127
gnl,0.032695733,bdn,-0.02020444
rxdx,0.03282874,sho,-0.02031053
ttcf,0.032867193,urbn,-0.020422563
seer,0.03311871,htia,-0.020477884
forr,0.03320279,vrs,-0.02052997
srne,0.033301864,oi,-0.02073136
ngm,0.03349792,rxt,-0.021139316
thry,0.033672176,ottr,-0.02127683
clfd,0.033703692,axnx,-0.02134994
opk,0.033809375,epay,-0.021430815
pcvx,0.03385369,cvco,-0.021452956
arko,0.033946212,four,-0.021472333
vips,0.03398023,itgr,-0.021636913
hckt,0.034040593,irt,-0.022066632
grc,0.034137808,ameh,-0.023239998
cldx,0.03418607,zntl,-0.023337906
zumz,0.034327015,pdco,-0.0235257
wnc,0.034417715,crk,-0.023560716
anab,0.03457981,ebs,-0.023788616
axsm,0.034582127,door,-0.023811774
ac,0.034774557,nhi,-0.024423866
yext,0.034948945,lwlg,-0.024583096
csv,0.03497197,sanm,-0.024616677
avxl,0.035263672,itri,-0.025008986
hzo,0.035335444,swtx,-0.025156854
nhc,0.035610687,mtl,-0.025345871
inn,0.035684384,pcrx,-0.025391834
nuvb,0.036402665,vsto,-0.025459297
amwd,0.036434006,adap,-0.025719283
lung,0.03667644,cpe,-0.026537672
vtol,0.036704008,spce,-0.02681448
talo,0.036936752,ain,-0.027207172
pdfs,0.036968153,cnne,-0.02746939
qtrx,0.037360884,vsat,-0.027533462
agys,0.03740242,nwe,-0.027672226
road,0.0374768,ati,-0.027792059
aiv,0.038019877,algt,-0.028162494
cnxn,0.038166236,mdrx,-0.028182363
iesc,0.03820418,pack,-0.02832038
real,0.03824742,unit,-0.02842182
accd,0.038425732,ccoi,-0.028714908
erii,0.038631357,jjsf,-0.028945578
goss,0.038631734,yelp,-0.029153997
geo,0.038760763,itci,-0.02937854
denn,0.039533436,epc,-0.029406138
chrs,0.03974409,ptct,-0.029494619
tbi,0.039841365,csgp,-0.029554613
rckt,0.040083174,hlio,-0.029613692
so,0.040311996,arvn,-0.029625658
ha,0.040337533,ngvt,-0.029876733
cio,0.040695675,ktb,-0.029996375
twnk,0.04073243,tph,-0.030326823
kids,0.040992696,eye,-0.030454785
atex,0.04106235,plxs,-0.030571498
apts,0.041075934,cbrl,-0.030910728
wetf,0.041685786,ava,-0.03118517
rgnx,0.0417303,bcc,-0.031265784
crnx,0.041811697,bdc,-0.031287543
mgic,0.041957837,abm,-0.03154936
ecol,0.042163786,calx,-0.031598754
swm,0.042285796,atrc,-0.03198559
drq,0.04232511,fwrd,-0.03238363
vhi,0.042379476,wern,-0.032586157
metc,0.04242321,usm,-0.032779895
cers,0.04253508,tcnnf,-0.032884456
tnk,0.042622343,mmsi,-0.033349346
bkd,0.042779863,aimc,-0.033612948
pae,0.042849433,apls,-0.033614155
gldd,0.0430565,eaf,-0.034305796
slca,0.043397326,joe,-0.034379758
modn,0.043417253,cake,-0.034425262
sptn,0.043422665,cwt,-0.034499936
gco,0.043426577,rdfn,-0.034545857
vvi,0.043653052,mrcy,-0.03463629
psn,0.044078745,eqc,-0.03467792
repl,0.04411249,ofc,-0.034859695
slp,0.044177048,flr,-0.035380375
xent,0.044291794,nvro,-0.03574925
rvnc,0.045305204,wor,-0.035888318
rbbn,0.0453253,pmcb,-0.035934094
abtx,0.045593146,rmbs,-0.036341727
lasr,0.045707427,dorm,-0.03657784
nrix,0.04574371,spwr,-0.036632605
nfbk,0.04622156,oas,-0.036745533
gts,0.04629756,eprt,-0.036812603
ino,0.046595115,fsly,-0.036874343
lind,0.046747155,form,-0.037448272
hsii,0.04685116,egle,-0.037509393
dbd,0.04692334,staa,-0.037523847
ntgr,0.04700453,shoo,-0.03765216
scsc,0.04700907,ayx,-0.037722435
bhe,0.047172345,cvlt,-0.03825642
cstl,0.047338426,sgry,-0.03851729
oprx,0.04736413,fate,-0.038615197
ccf,0.048137326,ens,-0.038693238
nrc,0.048339143,sfm,-0.038756885
vivo,0.048382454,ibp,-0.03885897
arlo,0.048389494,vc,-0.03890515
uec,0.048501045,fti,-0.039170217
rnlx,0.048525438,mli,-0.039345637
mnkd,0.04870759,prft,-0.039556764
revg,0.04890289,sem,-0.039720323
holi,0.0489584,bkh,-0.039761793
bcor,0.049091976,bmi,-0.0398524
ihc,0.049139433,ale,-0.039891794
cal,0.049140856,ajrd,-0.040431276
adtn,0.04914796,kw,-0.040461533
noah,0.049165588,klic,-0.040543314
qnst,0.049394615,boot,-0.040771868
rick,0.049480226,evtc,-0.04093141
nesr,0.04948511,dct,-0.04101562
nptn,0.04951204,acad,-0.041069183
swbi,0.049589325,sono,-0.041109584
ceva,0.04975678,cfx,-0.041147012
sndx,0.050164267,cbt,-0.04116143
prdo,0.050183427,vzio,-0.04157607
qure,0.050217897,jwn,-0.04175728
tile,0.050456114,cere,-0.04176998
boom,0.05047497,wdfc,-0.041867424
plow,0.050495848,sstk,-0.041892584
ewtx,0.05061036,hp,-0.041966688
bxc,0.05064473,vrna,-0.042150512
jynt,0.05074547,safe,-0.04216402
tcx,0.05108358,nsit,-0.04231586
grub,0.051090613,lcii,-0.04232958
zgnx,0.05139962,njr,-0.042338803
hyln,0.05148378,smpl,-0.04236601
cang,0.051516995,rezi,-0.04249558
dsgn,0.051622245,aeis,-0.04262993
strl,0.052069787,trip,-0.042724833
hwkn,0.052233573,cveo,-0.04301143
ccrn,0.05242509,sol,-0.04317345
mgtx,0.052622624,apam,-0.043266226
hstm,0.052673336,pgny,-0.043310385
merc,0.052885476,krtx,-0.043752547
lnt,0.053163394,aeo,-0.043841243
wina,0.05330532,fix,-0.043846183
ntus,0.05357954,dan,-0.04402801
plby,0.053632647,cno,-0.044174995
tmst,0.053755708,vrnt,-0.044270642
np,0.054150883,thrm,-0.04471451
arct,0.05495383,mdc,-0.044747744
uht,0.055417527,out,-0.044824474
cac,0.055473648,aso,-0.045000352
trns,0.055558115,chng,-0.045059428
gsg,0.055698074,lpl,-0.045186948
awr,0.056048352,jobs,-0.045307755
aht,0.056067746,flow,-0.045528684
lqdt,0.056409933,bco,-0.04672052
clar,0.056515034,swx,-0.047037683
nx,0.056650303,lope,-0.04708744
kpti,0.056863453,qtwo,-0.047117926
arqt,0.05730902,ful,-0.04731513
acco,0.05796279,vcra,-0.04736722
vitl,0.05811657,hi,-0.047383297
ruby,0.05851916,ait,-0.047425933
kzr,0.058561448,whd,-0.047595527
ontf,0.058575403,grp-un,-0.047821805
titn,0.058634613,post,-0.047879487
vsec,0.058910433,wgo,-0.047930006
sgmo,0.059268877,trup,-0.048106015
wti,0.059356794,aple,-0.048147026
he,0.05953445,matx,-0.048302986
hcci,0.059673376,arnc,-0.048338793
akro,0.05977387,hain,-0.04834726
gbl,0.06024773,neog,-0.048606366
egrx,0.06035939,golf,-0.04882014
vnda,0.060432866,lesl,-0.04890394
rapt,0.06045509,becn,-0.048945498
mgnx,0.060469832,jbgs,-0.048996266
gevo,0.060476243,kfy,-0.049028825
pgc,0.06071881,cnx,-0.04903948
ango,0.06130708,omi,-0.049509075
mitk,0.0615049,nari,-0.049703002
endp,0.061510544,dnli,-0.049745154
cvgw,0.061965983,neu,-0.04982346
twi,0.062334295,mth,-0.050024483
love,0.06261405,viav,-0.050103277
sohu,0.0627175,msgs,-0.050152786
imvt,0.06301305,bcrx,-0.050349258
quot,0.06302539,pch,-0.050358254
cutr,0.06345251,cri,-0.050381783
hngr,0.063535355,alrm,-0.050453354
olp,0.063589804,aep,-0.05078188
prax,0.06359559,x,-0.05085576
sibn,0.06365133,expi,-0.05090501
peri,0.063693725,frpt,-0.050920326
ospn,0.06399138,ttec,-0.05093977
hrtx,0.06423076,beam,-0.051019497
afin,0.06447432,tgna,-0.05111812
mrc,0.064669356,alks,-0.05113096
srrk,0.06466954,kmpr,-0.051199082
gnk,0.064759925,ensg,-0.051277336
mx,0.06533113,aciw,-0.051393576
prty,0.065428,njdcy,-0.051427323
upld,0.0655045,wns,-0.051428936
asle,0.06555011,msp,-0.051451772
ruth,0.06570891,cert,-0.051614463
view,0.06586375,hpp,-0.05175342
azre,0.06595251,nvmi,-0.051759847
fhtx,0.06605874,doc,-0.05184123
coll,0.066349305,sail,-0.051876508
plus,0.06635258,env,-0.0519458
hyfm,0.066386275,amed,-0.05217407
gci,0.066392995,livn,-0.052304797
cprx,0.0666391,box,-0.052310154
cldt,0.06665793,rare,-0.05258733
mcrb,0.0667532,trn,-0.052859355
fsp,0.06675775,ora,-0.053178623
pmvp,0.066777036,fele,-0.053203747
mye,0.06709881,opch,-0.053420458
ingn,0.067245856,ogs,-0.05420002
sp,0.067522936,dbc,-0.054355837
utl,0.06763922,gtls,-0.054434676
sd,0.06780438,lthm,-0.054461133
kop,0.0680374,diod,-0.054871786
indt,0.06813144,vrns,-0.054884985
mtw,0.068224244,safm,-0.05514658
dmrc,0.06824547,hqy,-0.055291
lpg,0.068421684,trox,-0.05551484
agx,0.06851709,vne,-0.05581996
swir,0.06867879,cns,-0.056011885
irmd,0.06889663,ions,-0.05616225
rgp,0.06905108,exls,-0.056200027
atni,0.069353335,spsc,-0.05632603
imxi,0.069595575,apps,-0.05633645
bjri,0.0699658,swi,-0.056519292
srdx,0.07013693,bynd,-0.056820974
ke,0.07021188,pzza,-0.056927327
vxrt,0.07037447,nkla,-0.056976926
mgi,0.070378706,lanc,-0.057349622
ofix,0.07041338,apg,-0.057565313
crai,0.07056198,himx,-0.058143802
itrn,0.07097687,mms,-0.058167342
ecom,0.071089245,jblu,-0.05849203
sgoc,0.07140918,hpk,-0.058590986
dske,0.071680285,adc,-0.05863209
grpn,0.07177209,tsem,-0.05879354
le,0.07181369,pk,-0.058913797
dhil,0.071873546,ncno,-0.059326366
legh,0.07190051,achc,-0.059400383
stok,0.07195713,halo,-0.05956492
puyi,0.07207133,jbt,-0.05969138
osw,0.0721719,wing,-0.0598028
rilyz,0.072343,ocdx,-0.05984761
ahh,0.07240311,slgn,-0.060407497
efc,0.072843745,fn,-0.060453348
osur,0.07325678,gtes,-0.0611752
rpt,0.073612295,por,-0.061212055
mirm,0.07393019,aqua,-0.06190978
veri,0.07399385,zlab,-0.061931036
chs,0.07404556,crsp,-0.062476315
npk,0.07415628,seb,-0.06258864
ibcp,0.074281745,sig,-0.06261195
tbph,0.07440132,sm,-0.0626423
oust,0.07463644,unvr,-0.06276815
tpc,0.074706316,amn,-0.06285544
zyme,0.07486371,rdn,-0.06289511
ipi,0.07510615,hxl,-0.06295828
kdny,0.07524049,irdm,-0.063087806
ufpt,0.07532336,powi,-0.06354051
cara,0.075817995,saic,-0.06362148
sxc,0.0760772,qlys,-0.06369197
co,0.07607847,mtsi,-0.06390315
amot,0.076181106,icui,-0.0639573
knte,0.076655634,wd,-0.06405441
wtba,0.07691369,onto,-0.064360715
cnsl,0.077091895,kfrc,-0.064486474
thr,0.07721109,etrn,-0.064569764
albo,0.07726601,krnt,-0.06485171
yorw,0.07769836,hiw,-0.06486259
frph,0.07785717,hlf,-0.06542048
icpt,0.07810891,rhp,-0.06557568
hayn,0.07815104,mxl,-0.065677315
lamr,0.078213885,mgp,-0.06590886
centa,0.07903147,bcpc,-0.066009894
smlr,0.0791592,vnt,-0.066147014
acrs,0.079212226,chx,-0.06620434
vec,0.07924284,qdel,-0.06656604
fosl,0.079587705,smtc,-0.06665691
rna,0.08034702,cwk,-0.066785894
nvgs,0.080386676,awi,-0.066859305
siga,0.08074167,atkr,-0.066947654
tdw,0.08092074,roll,-0.067294575
btai,0.081821874,cdk,-0.06763894
djco,0.08196091,bb,-0.067686856
tcda,0.082182504,hayw,-0.06768741
repx,0.0823618,fcn,-0.06773348
yell,0.082473256,bl,-0.06786906
noa,0.08271635,srcl,-0.06798652
blue,0.082819775,amba,-0.06842666
dco,0.08306326,wen,-0.06875027
pgen,0.08324841,ugi,-0.068778686
poww,0.08341398,arwr,-0.068951964
prts,0.08368364,ntra,-0.069007985
hzon,0.08393263,tdc,-0.06908909
pets,0.08424624,oiim,-0.069141574
inve,0.084876746,exel,-0.06925348
sri,0.08502712,mrtx,-0.06966858
cgem,0.085176654,rog,-0.06979984
chuy,0.08519472,rpd,-0.0699433
mcft,0.085386716,vir,-0.06997762
vtnr,0.08547567,hele,-0.070232056
kron,0.08614812,am,-0.07038001
tcs,0.08651231,srpt,-0.07039751
cmrx,0.08652597,drvn,-0.07064786
mdxg,0.08668368,ncr,-0.07082073
dxpe,0.086921215,clh,-0.07089206
ulh,0.08748068,nati,-0.071640976
bbsi,0.08754681,tnet,-0.07170427
tlry,0.087556124,crus,-0.07173759
fulc,0.08766354,vg,-0.07194835
ctrn,0.087767035,rcm,-0.07197599
plym,0.087816246,ufpi,-0.0722227
hffg,0.087935545,adt,-0.07222768
loco,0.088200755,hbi,-0.07235926
ll,0.08855668,hhc,-0.07236668
rada,0.08868236,msa,-0.072597854
trc,0.088793956,ryn,-0.07286879
insg,0.088865526,prgo,-0.07336677
ptsi,0.088939905,gt,-0.07353623
vray,0.0889846,son,-0.073561355
vuzi,0.089042984,novt,-0.07365559
idya,0.089323655,cw,-0.07373047
tw,0.08935795,ssd,-0.073918894
jfin,0.08944882,irtc,-0.074039824
anik,0.089656085,txrh,-0.074158505
untc,0.089806825,hog,-0.07418228
psnl,0.08982547,amkr,-0.07424551
taco,0.089842595,sgms,-0.07433395
veru,0.090100326,tenb,-0.07433479
cste,0.09011356,hfc,-0.07472637
vapo,0.09081343,qfin,-0.07483797
rptx,0.09123905,cigi,-0.07489739
spwh,0.091388285,nee,-0.07508957
insw,0.09150936,dsgx,-0.07516767
ehth,0.09151809,yeti,-0.075244784
apyx,0.09169544,algm,-0.0753298
acet,0.0918452,colm,-0.075615555
ooma,0.09221997,mime,-0.07565523
cps,0.09276192,gpk,-0.076002926
cir,0.093072474,mur,-0.076362774
dyn,0.09315581,mtdr,-0.076517045
oric,0.0934238,aqn,-0.076799065
llnw,0.09352767,run,-0.07699895
ht,0.09358742,mfh,-0.077346794
tars,0.09362699,ntla,-0.07752861
ocul,0.09375086,seas,-0.07783737
spne,0.093769364,cybr,-0.077966996
ryam,0.093867734,igt,-0.078001134
blbd,0.09448791,arna,-0.078269705
qs,0.09481902,asgn,-0.07845493
lqda,0.09504783,medp,-0.07845989
wkhs,0.09522436,gps,-0.07916573
ghl,0.09543691,iaa,-0.07939389
gilt,0.09549606,wcc,-0.07960636
cpsi,0.09558422,foxf,-0.079910345
vpg,0.095709234,cr,-0.079948075
dzsi,0.09635874,hei-a,-0.08044415
ois,0.09654567,cuz,-0.08067357
grvy,0.096552074,pstg,-0.080693975
nssc,0.09669068,dei,-0.080851026
fnch,0.09682988,open,-0.0812167
ufi,0.09687052,fl,-0.08128548
stks,0.0970274,brks,-0.081324585
fmtx,0.097138084,ntnx,-0.08146901
ctt,0.0985426,nbix,-0.08152785
allt,0.09872672,spr,-0.081527926
atha,0.09892995,cohr,-0.081727885
laws,0.09895624,nvcr,-0.0818839
tci,0.099005625,eme,-0.08189733
hbcp,0.099181145,vvv,-0.0819085
oyst,0.09979541,ash,-0.08195896
apei,0.099977896,caci,-0.08257609
tg,0.100132786,coty,-0.082659505
cto,0.10028746,atus,-0.08284548
sbow,0.10062498,rgld,-0.08351272
aray,0.10073359,kbr,-0.083546676
dsx,0.10086427,rng,-0.083695315
atom,0.1009056,insp,-0.083803415
ocn,0.101155855,penn,-0.08421427
rdvt,0.101393476,eeft,-0.08423701
mpx,0.101496354,rba,-0.084385745
ndls,0.10167811,amcr,-0.08474793
dhc,0.10172177,pnr,-0.084758416
natr,0.10178082,alsn,-0.085236095
casa,0.1022803,nov,-0.08524707
plrx,0.10231602,mixt,-0.08535438
gthx,0.102323554,alk,-0.08570136
alto,0.10283367,iac,-0.085749015
xxii,0.102909714,plan,-0.08587875
aeri,0.10306854,exp,-0.08602188
axti,0.10312712,lfus,-0.08623625
fdmt,0.10321952,saia,-0.08628383
ff,0.1035701,ccmp,-0.08632415
mlr,0.10358024,cold,-0.08648753
mrns,0.10383208,gmed,-0.086542115
lsea,0.104523584,byd,-0.086627185
iii,0.104800835,omcl,-0.0867883
klr,0.10607051,ingr,-0.08681648
xbit,0.10617766,ppc,-0.08687522
prth,0.106583305,nlsn,-0.08725977
axgn,0.10716448,hta,-0.08801713
rmo,0.10754659,esi,-0.08807539
wldn,0.10757757,ohi,-0.08887399
avnw,0.10765081,buff,-0.0888982
notv,0.10769259,pii,-0.08967623
plse,0.10772921,wex,-0.089988075
brt,0.10781721,xpo,-0.09009075
apph,0.10796387,wlk,-0.090302765
nl,0.10800887,oled,-0.09067169
rcky,0.10816408,cubi,-0.0907208
rytm,0.10839501,jhg,-0.09079171
artna,0.10846604,bc,-0.09080904
silc,0.10851159,nvst,-0.09111327
dhx,0.10878575,bld,-0.091397144
ikna,0.10887434,stwd,-0.09140274
nktx,0.10890139,gh,-0.09182268
akba,0.10901967,lpx,-0.0924604
bnft,0.10917332,ttek,-0.09251495
free,0.10941785,wix,-0.09268395
inse,0.10974343,pega,-0.09299064
utmd,0.11002386,tndm,-0.09320122
ins,0.11014611,bfam,-0.093683146
tufn,0.11048232,newr,-0.09386943
rlgt,0.11077129,pb,-0.094146945
cdr,0.11100485,gme,-0.09434402
pstx,0.111184366,acc,-0.09463376
hear,0.11121631,levi,-0.09473409
powl,0.111296915,pltk,-0.09488448
egan,0.111396626,usfd,-0.09530995
hbp,0.111514315,nclh,-0.09574396
tsha,0.11164679,nnn,-0.09614298
cnty,0.11174786,an,-0.096672185
dlhc,0.11189273,cube,-0.096759036
spro,0.11196968,czr,-0.09694539
fcuv,0.111985154,tol,-0.097001635
mpaa,0.11224978,hii,-0.09707239
kodk,0.11282967,eslt,-0.09726903
cogt,0.11319876,egp,-0.097309545
next,0.11326251,krc,-0.097509265
omer,0.11405152,chdn,-0.09752692
lcut,0.114876576,vrt,-0.097772256
avdl,0.11497443,docn,-0.09781178
ueps,0.11522367,lite,-0.09783063
altg,0.11528964,slab,-0.098270535
fll,0.11532193,axta,-0.09827979
srra,0.1153441,gwre,-0.09833149
nvec,0.11567217,leco,-0.098374896
zeus,0.116040595,ipgp,-0.09887381
codx,0.11621698,pag,-0.099220484
plpc,0.11658731,dnb,-0.09932689
qmco,0.11660439,cpri,-0.09951065
ssti,0.11663745,fivn,-0.099517174
selb,0.1169849,rh,-0.09980994
dtil,0.11700503,wpc,-0.09987468
mgta,0.1173593,lscc,-0.099940255
infu,0.11738136,wb,-0.09995816
imux,0.11741469,bhvn,-0.10004265
dtrc,0.11742483,gntx,-0.10033393
bcov,0.11759758,fslr,-0.100478575
tmdx,0.11781411,smg,-0.100578114
bned,0.118041456,site,-0.10079962
gtyh,0.11834775,peg,-0.10108954
ngvc,0.11864545,ar,-0.10109597
pcyo,0.11875487,pen,-0.10118827
rlmd,0.11877558,wtrg,-0.10126105
crdf,0.11895861,wms,-0.1012761
nwpx,0.1191443,bery,-0.10139397
alco,0.11917673,crox,-0.10140372
cybe,0.11923347,jks,-0.10145243
lndc,0.1193506,jazz,-0.101562664
hrow,0.11948668,wh,-0.10160822
vor,0.119522214,itt,-0.10175839
akts,0.11966749,wsc,-0.10181161
gwrs,0.1203228,lad,-0.101953745
cue,0.121417694,nvax,-0.101998255
cgen,0.121512346,m,-0.10203773
gnog,0.12176454,gfi,-0.10218184
jnce,0.12208873,aee,-0.10232572
glng,0.12243716,aem,-0.10249753
wprt,0.122500874,oln,-0.10258168
leu,0.1226481,teva,-0.10261669
mist,0.122828,chh,-0.10264739
pke,0.12290076,aer,-0.10271096
pfsw,0.12371958,syna,-0.102865145
eols,0.12406878,cabo,-0.10304413
alt,0.12430927,armk,-0.103098065
wba,0.124439664,five,-0.10323116
kopn,0.12453772,deck,-0.10369918
vktx,0.12454258,ayi,-0.10395364
strs,0.12456099,hun,-0.104520254
regn,0.12469765,manh,-0.10468462
weys,0.124735676,bj,-0.10478354
tgan,0.124979176,synh,-0.10534291
rmbl,0.12533069,coop,-0.10541511
vra,0.12558118,jef,-0.10542893
prvb,0.12562868,alv,-0.10545215
nath,0.12571263,tpl,-0.10548032
fthm,0.12593035,uthr,-0.105484724
soi,0.12608553,avlr,-0.10554835
pkoh,0.12658308,knx,-0.106143735
hoft,0.126674,agco,-0.10617102
fora,0.1267237,musa,-0.10627242
ctra,0.12689497,wynn,-0.10640679
nxtd,0.12689514,seic,-0.10650901
clvs,0.12698415,estc,-0.10689186
tsbk,0.12713338,bhc,-0.10740392
fuv,0.12721278,mksi,-0.10878704
cspr,0.12726136,coup,-0.10929984
rcel,0.12778836,fms,-0.109515294
swkh,0.12831873,g,-0.10970495
pasg,0.12837645,axon,-0.109968156
kndi,0.12900986,dox,-0.110479824
scor,0.12904093,tpr,-0.11082228
emkr,0.1294589,oc,-0.111030936
xoma,0.12964553,sr,-0.11111584
kmph,0.12984347,glpi,-0.11136752
akus,0.12986726,rgen,-0.11156724
sb,0.1303675,ttc,-0.11219369
vntr,0.13062999,see,-0.1123754
dla,0.13091351,htht,-0.11238891
cvgi,0.13095424,wsm,-0.112446904
hudi,0.13097325,mp,-0.1127782
pirs,0.13123477,brkr,-0.11294834
hqi,0.13157848,azpn,-0.11298583
ags,0.13181973,txg,-0.11377958
glsi,0.131974,pcty,-0.11416385
iea,0.13225184,anet,-0.11450381
hzn,0.13340402,acm,-0.11463351
vrca,0.13433702,lw,-0.11490308
axdx,0.13436325,midd,-0.115220696
hbio,0.13451786,hubb,-0.11523608
kirk,0.13457721,kim,-0.11540034
asps,0.13470797,tdoc,-0.11543427
bbcp,0.13522021,sci,-0.11557259
ltrx,0.13523754,clvt,-0.11576098
amrx,0.13544337,hsic,-0.115869425
ear,0.13555685,jbl,-0.11646232
actg,0.13591844,rs,-0.116706885
cmls,0.13624614,alle,-0.1176721
eex,0.13643374,xray,-0.11831288
rrgb,0.136443,cone,-0.11831755
smsi,0.13689104,st,-0.11881029
wlfc,0.13708325,zen,-0.119266845
adn,0.13843518,lsi,-0.11948349
byrn,0.13867481,exas,-0.11994861
luna,0.13870072,trex,-0.11995596
rdcm,0.13916923,aal,-0.119974606
srts,0.13930927,cien,-0.120049864
cece,0.13938569,ivz,-0.12009327
inod,0.13988891,vst,-0.12057798
aout,0.14022528,ni,-0.120705605
fldm,0.14031763,bah,-0.12090397
cofs,0.14032334,cday,-0.12112317
prtk,0.14118443,dva,-0.12143004
linc,0.14119986,bwa,-0.121537656
epm,0.14165452,jnpr,-0.12221839
clpt,0.14230162,src,-0.12229725
trec,0.1423394,ir,-0.12246029
gbox,0.14262347,ovv,-0.123312555
expr,0.14264879,cgnx,-0.12345333
goed,0.14272003,bki,-0.12359401
edap,0.14294018,wrk,-0.12369108
esca,0.14369886,len,-0.123849384
xair,0.14370704,ldos,-0.124233864
camp,0.14381306,otex,-0.124760166
srt,0.14399037,clf,-0.12497664
chra,0.14399993,plug,-0.12498698
sqz,0.14406405,sedg,-0.12572978
mg,0.1441718,gl,-0.12573333
cwgl,0.1441881,mlco,-0.12589924
etnb,0.14430256,irm,-0.12668556
alpn,0.1443192,fico,-0.12682825
kalv,0.144627,abmd,-0.12720197
mram,0.14464338,csl,-0.12739442
rvp,0.14470437,hst,-0.12740324
aacg,0.14475887,rhi,-0.12768847
smid,0.14495715,mktx,-0.12779984
esea,0.14509523,avtr,-0.12815513
hurc,0.14509794,morn,-0.12896855
gceh,0.14519788,gddy,-0.12919949
qtnt,0.14550114,masi,-0.12927757
vmd,0.14552347,znga,-0.12947676
ncmi,0.14556251,ndsn,-0.12987368
pmts,0.14618021,ptc,-0.12987931
smti,0.14621672,simo,-0.13006873
crnt,0.14628606,ato,-0.13016295
whg,0.1462876,stld,-0.13061102
cbay,0.14665152,whr,-0.13102692
mlp,0.14681871,jll,-0.13107303
rgco,0.14752975,cboe,-0.13151816
spok,0.14805788,dq,-0.1318094
panl,0.14810492,mpw,-0.13244975
hrtg,0.1483915,evrg,-0.13246936
eml,0.14856385,logi,-0.13342695
surf,0.1486459,csr,-0.1338247
uti,0.14886904,fbhs,-0.13386911
sncr,0.14888638,agr,-0.13407074
tffp,0.14927888,els,-0.13427332
slgl,0.14932549,vno,-0.13452438
mesa,0.14942807,spb,-0.1349079
vhc,0.14968006,chrw,-0.13534683
crmd,0.15005505,trgp,-0.13581757
evi,0.15045159,vici,-0.13586806
clnn,0.15052454,cf,-0.13637504
apen,0.15062158,tech,-0.13682075
fixx,0.15107471,pwr,-0.13717099
pxlw,0.15129817,jhx,-0.1371805
uihc,0.15178575,ipg,-0.13755316
fngr,0.15195209,hwm,-0.1376005
iti,0.15244588,podd,-0.13762838
wrap,0.15252729,arw,-0.13809422
lake,0.15254976,cck,-0.13810259
pw,0.15277098,lumn,-0.13820112
flxs,0.15399893,alny,-0.13885087
ngs,0.15408756,mbt,-0.1388605
ipof,0.15414138,dt,-0.13921276
pnrg,0.15451202,sjm,-0.13927841
uba,0.15510286,tdy,-0.13993892
vnrx,0.15595092,nuan,-0.13994338
nnbr,0.15638405,iclr,-0.1408206
rtx,0.15681675,qrvo,-0.14099357
vrdn,0.15701523,bmrn,-0.14112914
kvhi,0.15726213,aap,-0.1411512
sien,0.15732305,cnp,-0.14134356
inzy,0.15757176,nlok,-0.14165464
lyts,0.15768401,sre,-0.14196257
sotk,0.15789792,j,-0.14204943
fstr,0.15830387,ttwo,-0.14252958
immr,0.15837905,incy,-0.14289209
opnt,0.15863256,moh,-0.1437128
sj,0.15885508,mas,-0.14387779
mtem,0.15931167,nice,-0.14422907
ampy,0.15932664,mos,-0.14451729
cdak,0.16007693,qsr,-0.14503086
pwfl,0.16009377,mro,-0.14521168
pine,0.1603832,omc,-0.14525928
nls,0.16046268,fds,-0.14528616
syrs,0.160521,lkq,-0.14567067
oesx,0.16132629,wab,-0.14615342
wstg,0.1613923,dri,-0.14703137
pbpb,0.16185051,bldr,-0.1470637
nyc,0.16188566,dpz,-0.14725766
celc,0.16251631,enph,-0.14745353
harp,0.1627049,udr,-0.14753716
gmgi,0.16281772,chkp,-0.1483003
clpr,0.16283385,crl,-0.14833954
gnss,0.16309094,nsa,-0.14838481
ades,0.16350517,mkl,-0.14841762
ahco,0.16390613,trmb,-0.14842117
bbq,0.16394006,entg,-0.14912535
acu,0.16414583,akam,-0.14928503
drio,0.164167,roku,-0.14961442
xgn,0.16439296,ctlt,-0.14993332
mn,0.16448201,payc,-0.14993495
ftsi,0.16469371,wbs,-0.15078633
srax,0.16471048,ben,-0.15125778
sbtx,0.16480441,br,-0.151487
epsn,0.16521075,hznp,-0.15166987
strt,0.16531642,athm,-0.15249477
aqst,0.16551839,ed,-0.15298237
fcap,0.16599593,yumc,-0.15299152
lrmr,0.16682307,pool,-0.15423094
ljpc,0.1669093,mpwr,-0.1543451
ctso,0.16697411,bxp,-0.15504842
stsa,0.16727538,hubs,-0.15521136
pcyg,0.16754359,gnrc,-0.15568165
bgsf,0.16759361,gpc,-0.15602106
iin,0.1676239,etsy,-0.15612727
bset,0.16766407,ce,-0.15686958
snse,0.16777405,ulta,-0.1571914
tern,0.1681267,pki,-0.15721379
ivac,0.16818666,flt,-0.15725169
bdsx,0.16858135,wat,-0.15742573
ae,0.16876458,tru,-0.1575807
eigr,0.16947126,xyl,-0.15778512
nxtc,0.1695217,splk,-0.15785633
icad,0.17062764,ui,-0.15807307
asys,0.17077073,wdc,-0.15810142
asur,0.17110951,expd,-0.15841989
vinc,0.17182216,wy,-0.15882777
krmd,0.17206614,wtfc,-0.15963472
sup,0.17241938,sui,-0.16035378
qrhc,0.17291176,jbht,-0.161126
bdtx,0.17309651,ip,-0.16114706
swch,0.17331265,ssnc,-0.16156556
bcli,0.17354503,fts,-0.16180651
tast,0.17390367,dre,-0.1619218
bmtx,0.17420714,vldr,-0.1623431
liqt,0.17442344,clr,-0.16348292
ampg,0.17493138,fe,-0.16373998
cdlx,0.17530231,ess,-0.16378793
rocc,0.17532718,mchp,-0.16402638
fnko,0.17595449,ntap,-0.16450557
mnov,0.17619315,k,-0.16487443
scyx,0.17628756,mgm,-0.16531272
galt,0.17665105,uri,-0.16606063
bhr,0.17754449,sgen,-0.16610633
gnpx,0.17760539,kmi,-0.16641676
imbi,0.17875725,tyl,-0.16663884
otic,0.17885475,hpe,-0.16665544
gsit,0.17892508,kyocy,-0.16692348
elmd,0.1792029,ste,-0.16799401
ap,0.17956652,invh,-0.16871116
fbio,0.17965382,aph,-0.16895188
ntic,0.1800826,expe,-0.16981792
wve,0.18063249,grmn,-0.16996741
anix,0.18064742,swks,-0.17045532
ela,0.18080764,siri,-0.17122485
aveo,0.18114986,lyv,-0.17131492
scpl,0.18142828,vrsn,-0.17182839
tzoo,0.18154442,mlm,-0.17197698
phas,0.18178272,zbra,-0.17229562
dyai,0.18202314,fang,-0.17232828
asc,0.18222146,ftv,-0.17303325
farm,0.18224286,lh,-0.17312977
dbtx,0.1831351,tsco,-0.17332396
life,0.1833271,vfc,-0.173672
isdr,0.1833688,bby,-0.17373899
ugro,0.18472895,vmc,-0.17394435
pfmt,0.18492346,cdw,-0.17418529
vygr,0.18529987,stx,-0.1747072
culp,0.18594494,eix,-0.17498945
clgn,0.18595164,ter,-0.17652652
eton,0.1863219,emn,-0.17662627
cmct,0.18675488,csx,-0.17670943
lotz,0.18736087,hal,-0.17780773
stim,0.1876195,kb,-0.17797473
pypd,0.18772861,wst,-0.17810225
smed,0.18832798,awk,-0.17880757
desp,0.18838455,lvs,-0.17896336
pcti,0.18853655,zto,-0.17899899
pesi,0.18854156,exr,-0.17921954
atnm,0.18870477,noac,-0.17930792
airg,0.18880175,voya,-0.17934112
abvc,0.18906623,oke,-0.17958434
zyne,0.18928534,abc,-0.17981419
ltrn,0.1893488,twtr,-0.17987542
aaoi,0.18941358,alb,-0.18082716
bgi,0.18990858,wec,-0.18113962
cnce,0.19011864,mpc,-0.181417
lmb,0.1902212,efx,-0.18152168
orn,0.19105117,on,-0.18203117
ai,0.19201332,ctxs,-0.1824942
eq,0.19276646,pltr,-0.18249792
tnp,0.19285077,epam,-0.18357144
nhtc,0.19305272,ceqp,-0.18412821
genc,0.19318393,mtch,-0.1843158
cxdo,0.19346572,dltr,-0.18447338
hson,0.19359416,twlo,-0.18481101
pdex,0.193882,biib,-0.18516307
rcmt,0.19470556,vrsk,-0.1852787
ppsi,0.19481057,ndaq,-0.18531851
sybx,0.19492793,keys,-0.18607062
bfi,0.19496961,cprt,-0.18688776
rcat,0.19508488,wcn,-0.18709403
hli,0.19518146,eog,-0.18729658
eyen,0.19528745,ame,-0.18757288
stxs,0.19539729,lng,-0.18838693
doyu,0.19607073,gds,-0.18881148
neon,0.19672047,trq,-0.18936217
oeg,0.19700553,fast,-0.19006017
fve,0.19702624,luv,-0.19017966
naii,0.19709697,sbac,-0.19020951
lfvn,0.19756135,eqr,-0.19083227
ulbi,0.19760834,rmd,-0.19115788
etr,0.19822554,lyb,-0.19166464
mtex,0.19836317,rexr,-0.19171065
achv,0.19854094,avb,-0.19312024
idn,0.19876753,isrg,-0.19318685
acr,0.19920303,cbre,-0.19381973
sls,0.20017591,zs,-0.19393298
ug,0.20136987,odfl,-0.19412
airt,0.20318826,xel,-0.19450468
ppih,0.2035224,algn,-0.19496436
jwsm,0.20373322,ea,-0.19587934
zest,0.20373465,aptv,-0.19702804
lsf,0.20377944,otis,-0.19743206
wwr,0.2039408,ppg,-0.19884832
vtsi,0.20396592,jci,-0.1994642
dtst,0.20418008,ctas,-0.2014413
jrsh,0.20478892,trow,-0.20156752
gifi,0.20506105,lulu,-0.20182121
cyth,0.20511079,hlt,-0.20285882
clxt,0.20521678,hsy,-0.2036508
apt,0.20530808,idxx,-0.20495695
koss,0.20594719,gpn,-0.20614178
volt,0.20633386,msi,-0.20668276
lfmd,0.20638028,a,-0.20698701
ctv,0.2065096,stm,-0.20739166
asmb,0.20709002,iff,-0.20784566
self,0.20747347,msci,-0.20819853
gmtx,0.20848174,lhx,-0.20851316
rfil,0.20880906,khc,-0.20940933
puck,0.20970239,afl,-0.20960845
sprb,0.20993167,ctsh,-0.20976399
ayla,0.21023545,cdns,-0.20977248
capr,0.21165103,rsg,-0.20985104
isig,0.21212739,payx,-0.21002904
creg,0.2121285,atvi,-0.2102501
arec,0.21244466,carr,-0.21048419
slgg,0.21266499,nio,-0.21068005
tlis,0.21297118,rop,-0.21121173
gtec,0.21441178,cnc,-0.21200949
htbx,0.21471077,iqv,-0.21251263
ktcc,0.2152342,lilak,-0.21273753
tara,0.21582477,dell,-0.21293268
bsgm,0.21666645,cfiv,-0.21299551
aeye,0.21766917,mnst,-0.21333331
jakk,0.21797913,kmb,-0.21334448
arkr,0.21821707,rblx,-0.21378018
ainc,0.21906705,info,-0.2137961
cpix,0.21964599,xlnx,-0.21381636
eldn,0.22076812,snps,-0.21475755
edsa,0.2208555,cp,-0.2174276
hrth,0.22104958,orly,-0.217634
sji,0.22128713,mar,-0.21974033
cfrx,0.2215917,panw,-0.21987703
intz,0.22174755,azo,-0.22034961
wvvi,0.22178476,swk,-0.22108237
lumo,0.22283228,ftnt,-0.22120555
corr,0.22349727,exc,-0.22129002
ocup,0.2235473,kdp,-0.22155778
bmra,0.22422409,adsk,-0.2221546
csu,0.22426395,li,-0.2238849
quik,0.22434653,hpq,-0.22478056
enlv,0.22577947,cms,-0.22485973
loan,0.2258865,slb,-0.22605912
tess,0.2259218,mrvl,-0.22704665
qfta,0.22607958,dte,-0.22705124
ltbr,0.22631818,fcx,-0.22795628
thca,0.22653069,eqix,-0.22811094
dmac,0.22701947,gd,-0.22905806
sino,0.22711265,vrtx,-0.2291384
ganx,0.22720774,adi,-0.22973354
fkwl,0.22852425,ecl,-0.2301226
alac,0.22884557,dg,-0.23073322
btn,0.22940126,ilmn,-0.23113585
pipp,0.23029858,meli,-0.23149495
myo,0.23039933,tt,-0.23204206
arav,0.23185197,noc,-0.23220058
rmcf,0.23189414,wm,-0.23294161
lyra,0.23270074,apd,-0.23384221
dcth,0.23281468,cl,-0.23608527
flux,0.23450348,etn,-0.23622903
sypr,0.23489311,nsc,-0.23635
dlpn,0.23560587,klac,-0.23727977
isun,0.23584224,ice,-0.24082087
prpl,0.23591796,cci,-0.24165829
vtaq,0.23616576,ew,-0.24192321
mbot,0.23731536,aon,-0.24292801
edry,0.23865035,uber,-0.24453321
bkti,0.24006684,shw,-0.24653073
bioc,0.24139602,ci,-0.24942546
nbse,0.24141835,cni,-0.2511423
usau,0.24168435,tjx,-0.25182012
live,0.2417312,mrna,-0.2518741
bwac,0.2420936,gm,-0.2538928
ackit,0.24262741,gild,-0.25419587
daio,0.24364224,mo,-0.2564416
nuze,0.24524416,lrcx,-0.256843
cvv,0.24530135,syk,-0.25946444
mtbc,0.24647124,lmt,-0.26033896
vlon,0.2471835,mmm,-0.26131895
glaq,0.24938649,now,-0.26262528
mcmj,0.25062928,mu,-0.2647324
afi,0.25222126,amt,-0.26514116
sgma,0.2533955,tgt,-0.26545566
kbnt,0.25507963,pld,-0.26585457
avct,0.257323,sbux,-0.2658778
seed,0.25982678,antm,-0.2661125
omqs,0.26033884,wll,-0.2696228
tcon,0.26094323,dhr,-0.27550834
wyy,0.26104924,tmus,-0.27663806
fstx,0.26107723,blk,-0.27703863
onvo,0.2618501,enb,-0.2779987
trt,0.2635958,amgn,-0.27902028
clps,0.2637268,avgo,-0.27932802
apdn,0.26383525,ebay,-0.2824766
icd,0.26431155,mdt,-0.28304544
gpac,0.2646295,axp,-0.28431395
cycc,0.2646513,intu,-0.28458568
blph,0.2657164,cvs,-0.28478998
nuro,0.26572713,amat,-0.2898676
ekso,0.265871,unp,-0.29034415
foa,0.27082336,amd,-0.29473534
abio,0.27096558,maa,-0.29623312
ontx,0.27150515,nvda,-0.29697603
nnvc,0.27322268,spgi,-0.2977006
rvph,0.27360362,low,-0.29819793
d,0.2741006,lin,-0.29838425
osat,0.27457872,pypl,-0.30572754
htgm,0.27711725,crm,-0.3059638
bhse,0.27941033,bgne,-0.30766836
mxc,0.2828609,nflx,-0.30851948
lmfa,0.28570068,adbe,-0.30934882
bcac,0.28844357,qcom,-0.31039372
ipwr,0.29105285,asml,-0.31056163
cohn,0.2930853,amzn,-0.31090307
ssnt,0.2938122,ba,-0.31191102
bkyi,0.29519364,unh,-0.31198052
govx,0.29642266,msft,-0.31199035
acy,0.29710868,hd,-0.3121855
ahpi,0.29716098,ipar,-0.3126206
soho,0.2984815,wmt,-0.3127839
useg,0.30126724,cost,-0.3131225
petv,0.3032468,googl,-0.31344488
yten,0.30863637,aapl,-0.31384957
bill,0.31340286,orcl,-0.31416488
blin,0.31769073,intc,-0.31427282
qgen,0.32637513,ntes,-0.31457785
dkng,0.33664006,csco,-0.31474718
snoa,0.3430063,tsla,-0.3170277
rcrt,0.34411472,baba,-0.31705186
efoi,0.3453216,ge,-0.3171551
lov,0.34684837,tm,-0.32259655
jan,0.35339782,frt,-0.335066
peb,0.38656422,afg,-0.33874243
hccc,0.39243302,iipr,-0.35285953
aehr,0.52806914,psb,-0.35827008
chwy,0.54648364,amg,-0.36541453
pnm,0.5524734,duk,-0.3677396
rev,0.6873259,trp,-0.3787276
plnt,0.7964596,dlr,-0.4606272
vtrs,0.8764485,psa,-0.820361
